Pulse V5 Active. Equity: $101,644.71 | Mode: 0
C:\Users\SCENTECH SERVICES\AppData\Local\Programs\Python\Python39\lib\site-packages\gymnasium\spaces\box.py:235: UserWarning: [33mWARN: Box low's precision lowered by casting to float32, current low.dtype=float64[0m
  gym.logger.warn(
C:\Users\SCENTECH SERVICES\AppData\Local\Programs\Python\Python39\lib\site-packages\gymnasium\spaces\box.py:305: UserWarning: [33mWARN: Box high's precision lowered by casting to float32, current high.dtype=float64[0m
  gym.logger.warn(
Sniper Pulse Brain Synchronized.
[12:07:23] Pulse Conviction: -1.0000 | ATR Mult: 0.50 | PnL: +0.00%
Order Executed: XAUUSD SELL at 4432.93
[12:07:25] Pulse Conviction: -1.0000 | ATR Mult: 0.66 | PnL: +0.00%
[12:07:27] Pulse Conviction: -1.0000 | ATR Mult: 0.64 | PnL: +0.00%
[12:07:29] Pulse Conviction: -1.0000 | ATR Mult: 0.66 | PnL: +0.00%
[12:07:31] Pulse Conviction: -1.0000 | ATR Mult: 0.67 | PnL: +0.00%
[12:07:34] Pulse Conviction: -1.0000 | ATR Mult: 0.62 | PnL: -0.01%
[12:07:36] Pulse Conviction: -1.0000 | ATR Mult: 0.61 | PnL: -0.00%
[12:07:38] Pulse Conviction: -1.0000 | ATR Mult: 0.66 | PnL: +0.00%
[12:07:40] Pulse Conviction: -1.0000 | ATR Mult: 0.51 | PnL: +0.00%
[12:07:42] Pulse Conviction: -1.0000 | ATR Mult: 0.51 | PnL: +0.00%
[12:07:44] Pulse Conviction: -1.0000 | ATR Mult: 0.53 | PnL: +0.01%
[12:07:46] Pulse Conviction: -1.0000 | ATR Mult: 0.54 | PnL: +0.00%
[12:07:48] Pulse Conviction: -1.0000 | ATR Mult: 0.57 | PnL: +0.01%
[12:07:50] Pulse Conviction: -1.0000 | ATR Mult: 0.57 | PnL: +0.01%
[12:07:52] Pulse Conviction: -1.0000 | ATR Mult: 0.50 | PnL: +0.01%
[12:07:55] Pulse Conviction: -1.0000 | ATR Mult: 0.50 | PnL: +0.01%
[12:07:57] Pulse Conviction: -1.0000 | ATR Mult: 0.50 | PnL: +0.01%
[12:07:59] Pulse Conviction: -1.0000 | ATR Mult: 0.50 | PnL: +0.01%
[12:08:01] Pulse Conviction: -1.0000 | ATR Mult: 0.72 | PnL: +0.00%
[12:08:03] Pulse Conviction: -1.0000 | ATR Mult: 0.72 | PnL: +0.00%
[12:08:05] Pulse Conviction: -1.0000 | ATR Mult: 0.73 | PnL: +0.00%
[12:08:07] Pulse Conviction: -1.0000 | ATR Mult: 0.72 | PnL: +0.00%
[12:08:09] Pulse Conviction: -1.0000 | ATR Mult: 0.73 | PnL: +0.00%
[12:08:11] Pulse Conviction: -1.0000 | ATR Mult: 0.75 | PnL: +0.00%
[12:08:13] Pulse Conviction: -1.0000 | ATR Mult: 0.74 | PnL: +0.00%
[12:08:16] Pulse Conviction: -1.0000 | ATR Mult: 0.74 | PnL: +0.00%
[12:08:18] Pulse Conviction: -1.0000 | ATR Mult: 0.75 | PnL: +0.00%
[12:08:20] Pulse Conviction: -1.0000 | ATR Mult: 0.62 | PnL: +0.00%
[12:08:22] Pulse Conviction: -1.0000 | ATR Mult: 0.61 | PnL: +0.01%
[12:08:24] Pulse Conviction: -1.0000 | ATR Mult: 0.64 | PnL: +0.01%
[12:08:26] Pulse Conviction: -1.0000 | ATR Mult: 0.64 | PnL: +0.01%
[12:08:28] Pulse Conviction: -1.0000 | ATR Mult: 0.69 | PnL: +0.02%
[12:08:30] Pulse Conviction: -1.0000 | ATR Mult: 0.70 | PnL: +0.02%
[12:08:32] Pulse Conviction: -1.0000 | ATR Mult: 0.68 | PnL: +0.02%
[12:08:34] Pulse Conviction: -1.0000 | ATR Mult: 0.69 | PnL: +0.02%
[12:08:37] Pulse Conviction: -1.0000 | ATR Mult: 0.71 | PnL: +0.02%
[12:08:39] Pulse Conviction: -1.0000 | ATR Mult: 0.71 | PnL: +0.02%
[12:08:41] Pulse Conviction: -1.0000 | ATR Mult: 0.55 | PnL: +0.02%
[12:08:43] Pulse Conviction: -1.0000 | ATR Mult: 0.56 | PnL: +0.01%
[12:08:45] Pulse Conviction: -1.0000 | ATR Mult: 0.50 | PnL: +0.01%
[12:08:47] Pulse Conviction: -1.0000 | ATR Mult: 0.50 | PnL: +0.01%
[12:08:49] Pulse Conviction: -1.0000 | ATR Mult: 0.50 | PnL: +0.01%
[12:08:51] Pulse Conviction: -1.0000 | ATR Mult: 0.50 | PnL: +0.01%
[12:08:53] Pulse Conviction: -1.0000 | ATR Mult: 0.50 | PnL: +0.01%
[12:08:56] Pulse Conviction: -1.0000 | ATR Mult: 0.50 | PnL: +0.00%
[12:08:58] Pulse Conviction: -1.0000 | ATR Mult: 0.50 | PnL: +0.01%
[12:09:00] Pulse Conviction: -1.0000 | ATR Mult: 0.63 | PnL: +0.01%
[12:09:02] Pulse Conviction: -1.0000 | ATR Mult: 0.70 | PnL: +0.01%
[12:09:04] Pulse Conviction: -1.0000 | ATR Mult: 0.71 | PnL: +0.01%
[12:09:06] Pulse Conviction: -1.0000 | ATR Mult: 0.70 | PnL: +0.01%
[12:09:08] Pulse Conviction: -1.0000 | ATR Mult: 0.73 | PnL: +0.01%
[12:09:10] Pulse Conviction: -1.0000 | ATR Mult: 0.73 | PnL: +0.01%
[12:09:12] Pulse Conviction: -1.0000 | ATR Mult: 0.67 | PnL: +0.01%
[12:09:15] Pulse Conviction: -1.0000 | ATR Mult: 0.66 | PnL: +0.00%
[12:09:17] Pulse Conviction: -1.0000 | ATR Mult: 0.67 | PnL: +0.01%
[12:09:19] Pulse Conviction: -1.0000 | ATR Mult: 0.72 | PnL: +0.01%
[12:09:21] Pulse Conviction: -1.0000 | ATR Mult: 0.64 | PnL: +0.01%
[12:09:23] Pulse Conviction: -1.0000 | ATR Mult: 0.63 | PnL: +0.01%
[12:09:25] Pulse Conviction: -1.0000 | ATR Mult: 0.61 | PnL: +0.01%
[12:09:27] Pulse Conviction: -1.0000 | ATR Mult: 0.63 | PnL: +0.01%
[12:09:29] Pulse Conviction: -1.0000 | ATR Mult: 0.62 | PnL: +0.01%
[12:09:31] Pulse Conviction: -1.0000 | ATR Mult: 0.62 | PnL: +0.01%
[12:09:33] Pulse Conviction: -1.0000 | ATR Mult: 0.62 | PnL: +0.01%
[12:09:36] Pulse Conviction: -1.0000 | ATR Mult: 0.54 | PnL: +0.01%
[12:09:38] Pulse Conviction: -1.0000 | ATR Mult: 0.55 | PnL: +0.01%
[12:09:40] Pulse Conviction: -1.0000 | ATR Mult: 0.50 | PnL: +0.01%
[12:09:42] Pulse Conviction: -1.0000 | ATR Mult: 0.50 | PnL: +0.01%
[12:09:44] Pulse Conviction: -1.0000 | ATR Mult: 0.50 | PnL: +0.01%
[12:09:46] Pulse Conviction: -1.0000 | ATR Mult: 0.55 | PnL: +0.02%
[12:09:48] Pulse Conviction: -1.0000 | ATR Mult: 0.56 | PnL: +0.02%
[12:09:50] Pulse Conviction: -1.0000 | ATR Mult: 0.56 | PnL: +0.02%
[12:09:53] Pulse Conviction: -1.0000 | ATR Mult: 0.50 | PnL: +0.03%
[12:09:55] Pulse Conviction: -1.0000 | ATR Mult: 0.50 | PnL: +0.02%
[12:09:57] Pulse Conviction: -1.0000 | ATR Mult: 0.50 | PnL: +0.03%
[12:09:59] Pulse Conviction: -1.0000 | ATR Mult: 0.50 | PnL: +0.03%
[12:10:01] Pulse Conviction: -1.0000 | ATR Mult: 0.72 | PnL: +0.03%
[12:10:03] Pulse Conviction: -1.0000 | ATR Mult: 0.74 | PnL: +0.03%
[12:10:05] Pulse Conviction: -1.0000 | ATR Mult: 0.75 | PnL: +0.03%
[12:10:07] Pulse Conviction: -1.0000 | ATR Mult: 0.77 | PnL: +0.04%
[12:10:10] Pulse Conviction: -1.0000 | ATR Mult: 0.77 | PnL: +0.03%
[12:10:12] Pulse Conviction: -1.0000 | ATR Mult: 0.73 | PnL: +0.03%
[12:10:14] Pulse Conviction: -1.0000 | ATR Mult: 0.78 | PnL: +0.02%
[12:10:16] Pulse Conviction: -1.0000 | ATR Mult: 0.77 | PnL: +0.02%
[12:10:18] Pulse Conviction: -1.0000 | ATR Mult: 0.79 | PnL: +0.02%
[12:10:20] Pulse Conviction: -1.0000 | ATR Mult: 0.69 | PnL: +0.02%
[12:10:22] Pulse Conviction: -1.0000 | ATR Mult: 0.69 | PnL: +0.02%
[12:10:24] Pulse Conviction: -1.0000 | ATR Mult: 0.69 | PnL: +0.02%
[12:10:26] Pulse Conviction: -1.0000 | ATR Mult: 0.68 | PnL: +0.03%
[12:10:29] Pulse Conviction: -1.0000 | ATR Mult: 0.64 | PnL: +0.03%
[12:10:31] Pulse Conviction: -1.0000 | ATR Mult: 0.69 | PnL: +0.02%
[12:10:33] Pulse Conviction: -1.0000 | ATR Mult: 0.70 | PnL: +0.02%
[12:10:35] Pulse Conviction: -1.0000 | ATR Mult: 0.70 | PnL: +0.02%
[12:10:37] Pulse Conviction: -1.0000 | ATR Mult: 0.71 | PnL: +0.02%
[12:10:39] Pulse Conviction: -1.0000 | ATR Mult: 0.71 | PnL: +0.02%
[12:10:41] Pulse Conviction: -1.0000 | ATR Mult: 0.56 | PnL: +0.02%
[12:10:43] Pulse Conviction: -1.0000 | ATR Mult: 0.56 | PnL: +0.02%
[12:10:45] Pulse Conviction: -1.0000 | ATR Mult: 0.56 | PnL: +0.02%
[12:10:47] Pulse Conviction: -1.0000 | ATR Mult: 0.56 | PnL: +0.02%
[12:10:50] Pulse Conviction: -1.0000 | ATR Mult: 0.56 | PnL: +0.02%
[12:10:52] Pulse Conviction: -1.0000 | ATR Mult: 0.57 | PnL: +0.02%
[12:10:54] Pulse Conviction: -1.0000 | ATR Mult: 0.50 | PnL: +0.02%
[12:10:56] Pulse Conviction: -1.0000 | ATR Mult: 0.50 | PnL: +0.02%
[12:10:58] Pulse Conviction: -1.0000 | ATR Mult: 0.50 | PnL: +0.02%
[12:11:00] Pulse Conviction: -1.0000 | ATR Mult: 0.63 | PnL: +0.02%
[12:11:02] Pulse Conviction: -1.0000 | ATR Mult: 0.66 | PnL: +0.01%
[12:11:04] Pulse Conviction: -1.0000 | ATR Mult: 0.66 | PnL: +0.01%
[12:11:06] Pulse Conviction: -1.0000 | ATR Mult: 0.65 | PnL: +0.01%
[12:11:08] Pulse Conviction: -1.0000 | ATR Mult: 0.67 | PnL: +0.01%
[12:11:10] Pulse Conviction: -1.0000 | ATR Mult: 0.67 | PnL: +0.01%
[12:11:13] Pulse Conviction: -1.0000 | ATR Mult: 0.67 | PnL: +0.01%
[12:11:15] Pulse Conviction: -1.0000 | ATR Mult: 0.65 | PnL: +0.01%
[12:11:17] Pulse Conviction: -1.0000 | ATR Mult: 0.67 | PnL: +0.01%
[12:11:19] Pulse Conviction: -1.0000 | ATR Mult: 0.80 | PnL: +0.04%
[12:11:21] Pulse Conviction: -1.0000 | ATR Mult: 0.71 | PnL: +0.04%
[12:11:23] Pulse Conviction: -1.0000 | ATR Mult: 0.71 | PnL: +0.03%
[12:11:25] Pulse Conviction: -1.0000 | ATR Mult: 0.69 | PnL: +0.03%
[12:11:27] Pulse Conviction: -1.0000 | ATR Mult: 0.72 | PnL: +0.03%
[12:11:29] Pulse Conviction: -1.0000 | ATR Mult: 0.72 | PnL: +0.03%
[12:11:31] Pulse Conviction: -1.0000 | ATR Mult: 0.74 | PnL: +0.04%
[12:11:33] Pulse Conviction: -1.0000 | ATR Mult: 0.73 | PnL: +0.04%
[12:11:35] Pulse Conviction: -1.0000 | ATR Mult: 0.74 | PnL: +0.05%
[12:11:38] Pulse Conviction: -1.0000 | ATR Mult: 0.76 | PnL: +0.04%
[12:11:40] Pulse Conviction: -1.0000 | ATR Mult: 0.63 | PnL: +0.04%
[12:11:42] Pulse Conviction: -1.0000 | ATR Mult: 0.60 | PnL: +0.04%
[12:11:44] Pulse Conviction: -1.0000 | ATR Mult: 0.56 | PnL: +0.03%
[12:11:46] Pulse Conviction: -1.0000 | ATR Mult: 0.56 | PnL: +0.03%
[12:11:48] Pulse Conviction: -1.0000 | ATR Mult: 0.50 | PnL: +0.02%
[12:11:50] Pulse Conviction: -1.0000 | ATR Mult: 0.50 | PnL: +0.02%
[12:11:52] Pulse Conviction: -1.0000 | ATR Mult: 0.50 | PnL: +0.02%
[12:11:54] Pulse Conviction: -1.0000 | ATR Mult: 0.50 | PnL: +0.03%
[12:11:56] Pulse Conviction: -1.0000 | ATR Mult: 0.50 | PnL: +0.03%
[12:11:58] Pulse Conviction: -1.0000 | ATR Mult: 0.50 | PnL: +0.03%
[12:12:01] Pulse Conviction: -1.0000 | ATR Mult: 0.72 | PnL: +0.03%
[12:12:03] Pulse Conviction: -1.0000 | ATR Mult: 0.75 | PnL: +0.04%
[12:12:05] Pulse Conviction: -1.0000 | ATR Mult: 0.67 | PnL: +0.03%
[12:12:07] Pulse Conviction: -1.0000 | ATR Mult: 0.64 | PnL: +0.02%
[12:12:09] Pulse Conviction: -1.0000 | ATR Mult: 0.68 | PnL: +0.02%
[12:12:11] Pulse Conviction: -1.0000 | ATR Mult: 0.69 | PnL: +0.02%
[12:12:13] Pulse Conviction: -1.0000 | ATR Mult: 0.71 | PnL: +0.01%
[12:12:15] Pulse Conviction: -1.0000 | ATR Mult: 0.71 | PnL: +0.01%
[12:12:17] Pulse Conviction: -1.0000 | ATR Mult: 0.71 | PnL: +0.01%
[12:12:19] Pulse Conviction: -1.0000 | ATR Mult: 0.72 | PnL: +0.01%
[12:12:21] Pulse Conviction: -1.0000 | ATR Mult: 0.55 | PnL: +0.01%
[12:12:23] Pulse Conviction: -1.0000 | ATR Mult: 0.55 | PnL: +0.01%
[12:12:25] Pulse Conviction: -1.0000 | ATR Mult: 0.56 | PnL: +0.01%
[12:12:28] Pulse Conviction: -1.0000 | ATR Mult: 0.57 | PnL: +0.01%
[12:12:30] Pulse Conviction: -1.0000 | ATR Mult: 0.58 | PnL: +0.01%
[12:12:32] Pulse Conviction: -1.0000 | ATR Mult: 0.58 | PnL: +0.01%
[12:12:34] Pulse Conviction: -1.0000 | ATR Mult: 0.55 | PnL: +0.03%
[12:12:36] Pulse Conviction: -1.0000 | ATR Mult: 0.57 | PnL: +0.03%
[12:12:38] Pulse Conviction: -1.0000 | ATR Mult: 0.57 | PnL: +0.03%
[12:12:40] Pulse Conviction: -1.0000 | ATR Mult: 0.50 | PnL: +0.03%
[12:12:42] Pulse Conviction: -1.0000 | ATR Mult: 0.50 | PnL: +0.02%
[12:12:44] Pulse Conviction: -1.0000 | ATR Mult: 0.50 | PnL: +0.02%
[12:12:46] Pulse Conviction: -1.0000 | ATR Mult: 0.50 | PnL: +0.02%
[12:12:49] Pulse Conviction: -1.0000 | ATR Mult: 0.62 | PnL: +0.04%
[12:12:51] Pulse Conviction: -1.0000 | ATR Mult: 0.63 | PnL: +0.04%
[12:12:53] Pulse Conviction: -1.0000 | ATR Mult: 0.50 | PnL: +0.04%
[12:12:55] Pulse Conviction: -1.0000 | ATR Mult: 0.50 | PnL: +0.04%
[12:12:57] Pulse Conviction: -1.0000 | ATR Mult: 0.50 | PnL: +0.01%
[12:12:59] Pulse Conviction: -1.0000 | ATR Mult: 0.50 | PnL: +0.01%
[12:13:01] Pulse Conviction: -1.0000 | ATR Mult: 0.71 | PnL: +0.00%
[12:13:03] Pulse Conviction: -1.0000 | ATR Mult: 0.72 | PnL: +0.01%
[12:13:05] Pulse Conviction: -1.0000 | ATR Mult: 0.73 | PnL: +0.01%
[12:13:07] Pulse Conviction: -1.0000 | ATR Mult: 0.73 | PnL: +0.01%
[12:13:10] Pulse Conviction: -1.0000 | ATR Mult: 0.73 | PnL: +0.01%
[12:13:12] Pulse Conviction: -1.0000 | ATR Mult: 0.74 | PnL: +0.01%
[12:13:14] Pulse Conviction: -1.0000 | ATR Mult: 0.74 | PnL: +0.01%
[12:13:16] Pulse Conviction: -1.0000 | ATR Mult: 0.75 | PnL: +0.01%
[12:13:18] Pulse Conviction: -1.0000 | ATR Mult: 0.75 | PnL: +0.01%
[12:13:20] Pulse Conviction: -1.0000 | ATR Mult: 0.58 | PnL: +0.00%
[12:13:22] Pulse Conviction: -1.0000 | ATR Mult: 0.59 | PnL: +0.00%
[12:13:24] Pulse Conviction: -1.0000 | ATR Mult: 0.60 | PnL: +0.01%
[12:13:26] Pulse Conviction: -1.0000 | ATR Mult: 0.60 | PnL: +0.01%
[12:13:28] Pulse Conviction: -1.0000 | ATR Mult: 0.60 | PnL: +0.01%
[12:13:30] Pulse Conviction: -1.0000 | ATR Mult: 0.59 | PnL: -0.00%
[12:13:32] Pulse Conviction: -1.0000 | ATR Mult: 0.59 | PnL: -0.00%
[12:13:35] Pulse Conviction: -1.0000 | ATR Mult: 0.58 | PnL: -0.01%
[12:13:37] Pulse Conviction: -1.0000 | ATR Mult: 0.58 | PnL: -0.01%
[12:13:39] Pulse Conviction: -1.0000 | ATR Mult: 0.57 | PnL: -0.01%
[12:13:41] Pulse Conviction: -0.5390 | ATR Mult: 0.50 | PnL: -0.01%
[12:13:43] Pulse Conviction: +0.1215 | ATR Mult: 0.50 | PnL: -0.01%
[12:13:45] Pulse Conviction: +0.9112 | ATR Mult: 0.50 | PnL: -0.01%
Positions Closed: SniperV5_Reverse
Order Executed: XAUUSD BUY at 4433.39
[12:13:48] Pulse Conviction: +1.0000 | ATR Mult: 0.50 | PnL: +0.00%
[12:13:50] Pulse Conviction: +1.0000 | ATR Mult: 0.50 | PnL: -0.01%
[12:13:52] Pulse Conviction: +1.0000 | ATR Mult: 0.50 | PnL: -0.01%
[12:13:54] Pulse Conviction: +1.0000 | ATR Mult: 0.50 | PnL: -0.01%
[12:13:56] Pulse Conviction: +1.0000 | ATR Mult: 0.50 | PnL: -0.01%
[12:13:58] Pulse Conviction: +1.0000 | ATR Mult: 0.50 | PnL: -0.02%
[12:14:00] Pulse Conviction: -1.0000 | ATR Mult: 0.50 | PnL: -0.02%
Positions Closed: SniperV5_Reverse
Order Executed: XAUUSD SELL at 4432.68
[12:14:03] Pulse Conviction: -1.0000 | ATR Mult: 0.63 | PnL: -0.01%
[12:14:05] Pulse Conviction: -1.0000 | ATR Mult: 0.57 | PnL: -0.01%
[12:14:07] Pulse Conviction: -1.0000 | ATR Mult: 0.56 | PnL: -0.01%
[12:14:09] Pulse Conviction: -1.0000 | ATR Mult: 0.50 | PnL: -0.01%
[12:14:11] Pulse Conviction: -1.0000 | ATR Mult: 0.50 | PnL: -0.01%
[12:14:13] Pulse Conviction: -1.0000 | ATR Mult: 0.50 | PnL: -0.01%
[12:14:15] Pulse Conviction: -1.0000 | ATR Mult: 0.50 | PnL: -0.01%
[12:14:17] Pulse Conviction: -1.0000 | ATR Mult: 0.58 | PnL: +0.00%
Order Executed: XAUUSD SELL at 4433.34
[12:14:19] Pulse Conviction: -1.0000 | ATR Mult: 0.58 | PnL: -0.00%
[12:14:21] Pulse Conviction: -1.0000 | ATR Mult: 0.50 | PnL: +0.00%
[12:14:24] Pulse Conviction: -1.0000 | ATR Mult: 0.50 | PnL: +0.00%
[12:14:26] Pulse Conviction: -1.0000 | ATR Mult: 0.50 | PnL: +0.00%
[12:14:28] Pulse Conviction: -1.0000 | ATR Mult: 0.50 | PnL: +0.00%
[12:14:30] Pulse Conviction: -1.0000 | ATR Mult: 0.50 | PnL: -0.00%
[12:14:32] Pulse Conviction: -1.0000 | ATR Mult: 0.50 | PnL: -0.00%
[12:14:34] Pulse Conviction: -1.0000 | ATR Mult: 0.50 | PnL: -0.01%
[12:14:36] Pulse Conviction: -1.0000 | ATR Mult: 0.50 | PnL: -0.01%
[12:14:38] Pulse Conviction: -1.0000 | ATR Mult: 0.50 | PnL: -0.01%
[12:14:40] Pulse Conviction: +0.0114 | ATR Mult: 0.50 | PnL: -0.00%
Positions Closed: SniperV5_Neutral
[12:14:43] Pulse Conviction: +1.0000 | ATR Mult: 0.50 | PnL: +0.00%
Order Executed: XAUUSD BUY at 4433.36
[12:14:45] Pulse Conviction: +1.0000 | ATR Mult: 0.50 | PnL: -0.00%
[12:14:47] Pulse Conviction: +1.0000 | ATR Mult: 0.50 | PnL: -0.00%
[12:14:49] Pulse Conviction: +1.0000 | ATR Mult: 0.50 | PnL: -0.01%
[12:14:51] Pulse Conviction: +1.0000 | ATR Mult: 0.50 | PnL: -0.01%
[12:14:53] Pulse Conviction: +1.0000 | ATR Mult: 0.50 | PnL: -0.01%
[12:14:55] Pulse Conviction: +1.0000 | ATR Mult: 0.50 | PnL: -0.01%
[12:14:58] Pulse Conviction: +1.0000 | ATR Mult: 0.50 | PnL: -0.01%
[12:15:00] Pulse Conviction: +1.0000 | ATR Mult: 0.50 | PnL: -0.01%
[12:15:02] Pulse Conviction: +1.0000 | ATR Mult: 0.50 | PnL: -0.01%
[12:15:04] Pulse Conviction: +1.0000 | ATR Mult: 0.50 | PnL: -0.01%
[12:15:06] Pulse Conviction: +1.0000 | ATR Mult: 0.50 | PnL: -0.00%
[12:15:08] Pulse Conviction: +1.0000 | ATR Mult: 0.50 | PnL: -0.01%
[12:15:10] Pulse Conviction: +0.8757 | ATR Mult: 0.50 | PnL: -0.01%
[12:15:12] Pulse Conviction: +0.8200 | ATR Mult: 0.50 | PnL: -0.01%
[12:15:14] Pulse Conviction: +0.3768 | ATR Mult: 0.50 | PnL: -0.02%
[12:15:16] Pulse Conviction: -0.4482 | ATR Mult: 0.50 | PnL: -0.02%
Positions Closed: SniperV5_Reverse
Order Executed: XAUUSD SELL at 4432.65
[12:15:19] Pulse Conviction: -1.0000 | ATR Mult: 0.50 | PnL: -0.00%
[12:15:21] Pulse Conviction: -0.8362 | ATR Mult: 0.50 | PnL: +0.00%
[12:15:23] Pulse Conviction: -0.5967 | ATR Mult: 0.50 | PnL: +0.00%
[12:15:25] Pulse Conviction: +0.0127 | ATR Mult: 0.50 | PnL: -0.00%
Positions Closed: SniperV5_Neutral
[12:15:27] Pulse Conviction: +1.0000 | ATR Mult: 0.50 | PnL: +0.00%
Order Executed: XAUUSD BUY at 4432.96
[12:15:29] Pulse Conviction: +1.0000 | ATR Mult: 0.50 | PnL: -0.01%
[12:15:32] Pulse Conviction: +1.0000 | ATR Mult: 0.50 | PnL: -0.02%
[12:15:34] Pulse Conviction: +1.0000 | ATR Mult: 0.50 | PnL: -0.02%
[12:15:36] Pulse Conviction: +1.0000 | ATR Mult: 0.50 | PnL: -0.02%
[12:15:38] Pulse Conviction: +0.2763 | ATR Mult: 0.50 | PnL: +0.00%
Order Executed: XAUUSD BUY at 4432.09
[12:15:40] Pulse Conviction: +0.6049 | ATR Mult: 0.50 | PnL: -0.01%
[12:15:42] Pulse Conviction: -0.0383 | ATR Mult: 0.50 | PnL: -0.02%
Positions Closed: SniperV5_Neutral
[12:15:44] Pulse Conviction: -0.9521 | ATR Mult: 0.50 | PnL: +0.00%
Order Executed: XAUUSD SELL at 4431.41
[12:15:47] Pulse Conviction: -1.0000 | ATR Mult: 0.55 | PnL: +0.00%
[12:15:49] Pulse Conviction: -1.0000 | ATR Mult: 0.56 | PnL: +0.00%
[12:15:51] Pulse Conviction: -1.0000 | ATR Mult: 0.68 | PnL: +0.02%
[12:15:53] Pulse Conviction: -1.0000 | ATR Mult: 0.50 | PnL: +0.01%
[12:15:55] Pulse Conviction: -1.0000 | ATR Mult: 0.50 | PnL: +0.01%
[12:15:57] Pulse Conviction: -1.0000 | ATR Mult: 0.50 | PnL: +0.01%
[12:15:59] Pulse Conviction: -1.0000 | ATR Mult: 0.50 | PnL: +0.00%
[12:16:01] Pulse Conviction: -1.0000 | ATR Mult: 0.73 | PnL: +0.00%
[12:16:03] Pulse Conviction: -1.0000 | ATR Mult: 0.73 | PnL: +0.00%
[12:16:06] Pulse Conviction: -1.0000 | ATR Mult: 0.74 | PnL: +0.00%
[12:16:08] Pulse Conviction: -1.0000 | ATR Mult: 0.76 | PnL: +0.02%
[12:16:10] Pulse Conviction: -1.0000 | ATR Mult: 0.74 | PnL: +0.02%
[12:16:12] Pulse Conviction: -1.0000 | ATR Mult: 0.78 | PnL: +0.02%
[12:16:14] Pulse Conviction: -1.0000 | ATR Mult: 0.79 | PnL: +0.02%
[12:16:16] Pulse Conviction: -1.0000 | ATR Mult: 0.80 | PnL: +0.02%
[12:16:18] Pulse Conviction: -1.0000 | ATR Mult: 0.80 | PnL: +0.02%
[12:16:20] Pulse Conviction: -1.0000 | ATR Mult: 0.72 | PnL: +0.03%
[12:16:22] Pulse Conviction: -1.0000 | ATR Mult: 0.75 | PnL: +0.03%
[12:16:24] Pulse Conviction: -1.0000 | ATR Mult: 0.77 | PnL: +0.04%
[12:16:26] Pulse Conviction: -1.0000 | ATR Mult: 0.79 | PnL: +0.00%
Order Executed: XAUUSD SELL at 4428.96
[12:16:28] Pulse Conviction: -1.0000 | ATR Mult: 0.79 | PnL: -0.00%
[12:16:31] Pulse Conviction: -1.0000 | ATR Mult: 0.79 | PnL: -0.00%
[12:16:33] Pulse Conviction: -1.0000 | ATR Mult: 0.79 | PnL: -0.01%
[12:16:35] Pulse Conviction: -1.0000 | ATR Mult: 0.79 | PnL: -0.00%
[12:16:37] Pulse Conviction: -1.0000 | ATR Mult: 0.79 | PnL: -0.01%
[12:16:39] Pulse Conviction: -1.0000 | ATR Mult: 0.80 | PnL: -0.01%
[12:16:41] Pulse Conviction: -1.0000 | ATR Mult: 0.69 | PnL: -0.00%
[12:16:43] Pulse Conviction: -1.0000 | ATR Mult: 0.70 | PnL: -0.00%
[12:16:45] Pulse Conviction: -1.0000 | ATR Mult: 0.67 | PnL: -0.01%
[12:16:47] Pulse Conviction: -1.0000 | ATR Mult: 0.68 | PnL: -0.01%
[12:16:49] Pulse Conviction: -1.0000 | ATR Mult: 0.66 | PnL: -0.01%
[12:16:51] Pulse Conviction: -1.0000 | ATR Mult: 0.66 | PnL: -0.01%
[12:16:54] Pulse Conviction: -1.0000 | ATR Mult: 0.50 | PnL: -0.02%
[12:16:56] Pulse Conviction: -1.0000 | ATR Mult: 0.50 | PnL: +0.00%
Order Executed: XAUUSD SELL at 4430.18
[12:16:58] Pulse Conviction: -1.0000 | ATR Mult: 0.50 | PnL: +0.00%
[12:17:00] Pulse Conviction: -1.0000 | ATR Mult: 0.72 | PnL: +0.00%
[12:17:02] Pulse Conviction: -1.0000 | ATR Mult: 0.73 | PnL: -0.00%
[12:17:04] Pulse Conviction: -1.0000 | ATR Mult: 0.75 | PnL: -0.00%
[12:17:06] Pulse Conviction: -1.0000 | ATR Mult: 0.75 | PnL: -0.00%
[12:17:08] Pulse Conviction: -1.0000 | ATR Mult: 0.74 | PnL: +0.00%
[12:17:10] Pulse Conviction: -1.0000 | ATR Mult: 0.74 | PnL: +0.01%
[12:17:13] Pulse Conviction: -1.0000 | ATR Mult: 0.72 | PnL: +0.01%
[12:17:15] Pulse Conviction: -1.0000 | ATR Mult: 0.77 | PnL: +0.01%
[12:17:17] Pulse Conviction: -1.0000 | ATR Mult: 0.73 | PnL: +0.01%
[12:17:19] Pulse Conviction: -1.0000 | ATR Mult: 0.80 | PnL: +0.02%
[12:17:21] Pulse Conviction: -1.0000 | ATR Mult: 0.74 | PnL: +0.02%
[12:17:23] Pulse Conviction: -1.0000 | ATR Mult: 0.74 | PnL: +0.02%
[12:17:25] Pulse Conviction: -1.0000 | ATR Mult: 0.71 | PnL: +0.02%
[12:17:27] Pulse Conviction: -1.0000 | ATR Mult: 0.62 | PnL: +0.01%
[12:17:29] Pulse Conviction: -1.0000 | ATR Mult: 0.66 | PnL: +0.01%
[12:17:31] Pulse Conviction: -1.0000 | ATR Mult: 0.65 | PnL: +0.01%
[12:17:33] Pulse Conviction: -1.0000 | ATR Mult: 0.65 | PnL: +0.01%
[12:17:35] Pulse Conviction: -1.0000 | ATR Mult: 0.66 | PnL: +0.01%
[12:17:37] Pulse Conviction: -1.0000 | ATR Mult: 0.65 | PnL: +0.01%
[12:17:40] Pulse Conviction: -1.0000 | ATR Mult: 0.53 | PnL: +0.00%
[12:17:42] Pulse Conviction: -1.0000 | ATR Mult: 0.50 | PnL: +0.01%
[12:17:44] Pulse Conviction: -1.0000 | ATR Mult: 0.50 | PnL: +0.01%
[12:17:46] Pulse Conviction: -1.0000 | ATR Mult: 0.62 | PnL: +0.02%
[12:17:48] Pulse Conviction: -1.0000 | ATR Mult: 0.60 | PnL: +0.01%
[12:17:50] Pulse Conviction: -1.0000 | ATR Mult: 0.60 | PnL: +0.01%
[12:17:52] Pulse Conviction: -1.0000 | ATR Mult: 0.65 | PnL: +0.02%
[12:17:54] Pulse Conviction: -1.0000 | ATR Mult: 0.50 | PnL: +0.01%
[12:17:56] Pulse Conviction: -1.0000 | ATR Mult: 0.50 | PnL: +0.02%
[12:17:58] Pulse Conviction: -1.0000 | ATR Mult: 0.50 | PnL: +0.01%
[12:18:00] Pulse Conviction: -1.0000 | ATR Mult: 0.73 | PnL: +0.01%
[12:18:03] Pulse Conviction: -1.0000 | ATR Mult: 0.80 | PnL: +0.02%
[12:18:05] Pulse Conviction: -1.0000 | ATR Mult: 0.79 | PnL: +0.02%
[12:18:07] Pulse Conviction: -1.0000 | ATR Mult: 0.80 | PnL: +0.02%
[12:18:09] Pulse Conviction: -1.0000 | ATR Mult: 0.81 | PnL: +0.02%
[12:18:11] Pulse Conviction: -1.0000 | ATR Mult: 0.81 | PnL: +0.03%
[12:18:13] Pulse Conviction: -1.0000 | ATR Mult: 0.82 | PnL: +0.04%
[12:18:15] Pulse Conviction: -1.0000 | ATR Mult: 0.82 | PnL: +0.04%
[12:18:17] Pulse Conviction: -1.0000 | ATR Mult: 0.82 | PnL: +0.04%
[12:18:19] Pulse Conviction: -1.0000 | ATR Mult: 0.82 | PnL: +0.04%
[12:18:21] Pulse Conviction: -1.0000 | ATR Mult: 0.72 | PnL: +0.03%
[12:18:23] Pulse Conviction: -1.0000 | ATR Mult: 0.71 | PnL: +0.02%
[12:18:25] Pulse Conviction: -1.0000 | ATR Mult: 0.73 | PnL: +0.02%
[12:18:27] Pulse Conviction: -1.0000 | ATR Mult: 0.75 | PnL: +0.03%
[12:18:30] Pulse Conviction: -1.0000 | ATR Mult: 0.78 | PnL: +0.04%
[12:18:32] Pulse Conviction: -1.0000 | ATR Mult: 0.78 | PnL: +0.04%
[12:18:34] Pulse Conviction: -1.0000 | ATR Mult: 0.79 | PnL: +0.05%
[12:18:36] Pulse Conviction: -1.0000 | ATR Mult: 0.76 | PnL: +0.04%
[12:18:38] Pulse Conviction: -1.0000 | ATR Mult: 0.77 | PnL: +0.04%
[12:18:40] Pulse Conviction: -1.0000 | ATR Mult: 0.63 | PnL: +0.03%
[12:18:42] Pulse Conviction: -1.0000 | ATR Mult: 0.67 | PnL: +0.04%
[12:18:44] Pulse Conviction: -1.0000 | ATR Mult: 0.66 | PnL: +0.04%
[12:18:46] Pulse Conviction: -1.0000 | ATR Mult: 0.67 | PnL: +0.04%
[12:18:48] Pulse Conviction: -1.0000 | ATR Mult: 0.67 | PnL: +0.04%
[12:18:51] Pulse Conviction: -1.0000 | ATR Mult: 0.68 | PnL: +0.04%
[12:18:53] Pulse Conviction: -1.0000 | ATR Mult: 0.50 | PnL: +0.04%
[12:18:55] Pulse Conviction: -1.0000 | ATR Mult: 0.50 | PnL: +0.04%
[12:18:57] Pulse Conviction: -1.0000 | ATR Mult: 0.50 | PnL: +0.05%
[12:18:59] Pulse Conviction: -1.0000 | ATR Mult: 0.51 | PnL: +0.05%
[12:19:01] Pulse Conviction: -1.0000 | ATR Mult: 0.77 | PnL: +0.00%
Order Executed: XAUUSD SELL at 4427.67
[12:19:03] Pulse Conviction: -1.0000 | ATR Mult: 0.73 | PnL: -0.01%
[12:19:05] Pulse Conviction: -1.0000 | ATR Mult: 0.74 | PnL: -0.01%
[12:19:08] Pulse Conviction: -1.0000 | ATR Mult: 0.74 | PnL: -0.01%
[12:19:10] Pulse Conviction: -1.0000 | ATR Mult: 0.75 | PnL: -0.01%
[12:19:12] Pulse Conviction: -1.0000 | ATR Mult: 0.77 | PnL: -0.01%
[12:19:14] Pulse Conviction: -1.0000 | ATR Mult: 0.77 | PnL: -0.01%
[12:19:16] Pulse Conviction: -1.0000 | ATR Mult: 0.77 | PnL: -0.01%
[12:19:18] Pulse Conviction: -1.0000 | ATR Mult: 0.78 | PnL: -0.01%
[12:19:20] Pulse Conviction: -1.0000 | ATR Mult: 0.73 | PnL: -0.00%
[12:19:22] Pulse Conviction: -1.0000 | ATR Mult: 0.73 | PnL: -0.00%
[12:19:24] Pulse Conviction: -1.0000 | ATR Mult: 0.73 | PnL: -0.01%
[12:19:26] Pulse Conviction: -1.0000 | ATR Mult: 0.73 | PnL: -0.00%
[12:19:29] Pulse Conviction: -1.0000 | ATR Mult: 0.72 | PnL: -0.01%
[12:19:31] Pulse Conviction: -1.0000 | ATR Mult: 0.73 | PnL: -0.01%
[12:19:33] Pulse Conviction: -1.0000 | ATR Mult: 0.74 | PnL: -0.00%
[12:19:35] Pulse Conviction: -1.0000 | ATR Mult: 0.73 | PnL: -0.01%
[12:19:37] Pulse Conviction: -1.0000 | ATR Mult: 0.74 | PnL: -0.01%
[12:19:39] Pulse Conviction: -1.0000 | ATR Mult: 0.74 | PnL: -0.00%
[12:19:41] Pulse Conviction: -1.0000 | ATR Mult: 0.65 | PnL: -0.00%
[12:19:43] Pulse Conviction: -1.0000 | ATR Mult: 0.64 | PnL: -0.01%
[12:19:45] Pulse Conviction: -1.0000 | ATR Mult: 0.63 | PnL: -0.01%
[12:19:47] Pulse Conviction: -1.0000 | ATR Mult: 0.64 | PnL: -0.00%
[12:19:49] Pulse Conviction: -1.0000 | ATR Mult: 0.65 | PnL: -0.00%
[12:19:52] Pulse Conviction: -1.0000 | ATR Mult: 0.64 | PnL: -0.00%
[12:19:54] Pulse Conviction: -1.0000 | ATR Mult: 0.50 | PnL: -0.00%
[12:19:56] Pulse Conviction: -1.0000 | ATR Mult: 0.50 | PnL: -0.00%
[12:19:58] Pulse Conviction: -1.0000 | ATR Mult: 0.54 | PnL: -0.00%
[12:20:00] Pulse Conviction: -1.0000 | ATR Mult: 0.75 | PnL: +0.00%
[12:20:02] Pulse Conviction: -1.0000 | ATR Mult: 0.74 | PnL: -0.00%
[12:20:04] Pulse Conviction: -1.0000 | ATR Mult: 0.74 | PnL: -0.02%
[12:20:06] Pulse Conviction: -1.0000 | ATR Mult: 0.75 | PnL: -0.02%
[12:20:08] Pulse Conviction: -1.0000 | ATR Mult: 0.76 | PnL: -0.01%
[12:20:10] Pulse Conviction: -1.0000 | ATR Mult: 0.76 | PnL: -0.02%
[12:20:12] Pulse Conviction: -1.0000 | ATR Mult: 0.76 | PnL: -0.03%
[12:20:15] Pulse Conviction: -1.0000 | ATR Mult: 0.74 | PnL: +0.00%
Order Executed: XAUUSD SELL at 4429.48
[12:20:17] Pulse Conviction: -1.0000 | ATR Mult: 0.75 | PnL: -0.00%
[12:20:19] Pulse Conviction: -1.0000 | ATR Mult: 0.75 | PnL: -0.01%
[12:20:21] Pulse Conviction: -1.0000 | ATR Mult: 0.60 | PnL: -0.01%
[12:20:23] Pulse Conviction: -1.0000 | ATR Mult: 0.60 | PnL: -0.01%
[12:20:25] Pulse Conviction: -1.0000 | ATR Mult: 0.57 | PnL: -0.02%
[12:20:27] Pulse Conviction: -1.0000 | ATR Mult: 0.55 | PnL: -0.02%
[12:20:29] Pulse Conviction: -1.0000 | ATR Mult: 0.56 | PnL: -0.02%
[12:20:32] Pulse Conviction: -1.0000 | ATR Mult: 0.59 | PnL: -0.02%
[12:20:34] Pulse Conviction: -1.0000 | ATR Mult: 0.59 | PnL: -0.02%
[12:20:36] Pulse Conviction: -1.0000 | ATR Mult: 0.63 | PnL: -0.01%
[12:20:38] Pulse Conviction: -1.0000 | ATR Mult: 0.63 | PnL: -0.01%
[12:20:40] Pulse Conviction: -1.0000 | ATR Mult: 0.50 | PnL: -0.01%
[12:20:42] Pulse Conviction: -1.0000 | ATR Mult: 0.50 | PnL: -0.01%
[12:20:44] Pulse Conviction: -1.0000 | ATR Mult: 0.50 | PnL: -0.01%
[12:20:46] Pulse Conviction: -1.0000 | ATR Mult: 0.50 | PnL: -0.02%
[12:20:48] Pulse Conviction: -1.0000 | ATR Mult: 0.50 | PnL: -0.02%
[12:20:50] Pulse Conviction: -1.0000 | ATR Mult: 0.50 | PnL: -0.02%
[12:20:52] Pulse Conviction: -0.8978 | ATR Mult: 0.50 | PnL: -0.02%
[12:20:54] Pulse Conviction: +0.3788 | ATR Mult: 0.50 | PnL: -0.03%
Positions Closed: SniperV5_Reverse
Order Executed: XAUUSD BUY at 4430.38
[12:20:57] Pulse Conviction: +1.0000 | ATR Mult: 0.50 | PnL: -0.00%
[12:20:59] Pulse Conviction: +1.0000 | ATR Mult: 0.50 | PnL: +0.00%
[12:21:01] Pulse Conviction: -0.4196 | ATR Mult: 0.50 | PnL: -0.00%
Positions Closed: SniperV5_Reverse
Order Executed: XAUUSD SELL at 4430.43
[12:21:04] Pulse Conviction: -1.0000 | ATR Mult: 0.50 | PnL: -0.00%
[12:21:06] Pulse Conviction: -1.0000 | ATR Mult: 0.55 | PnL: -0.00%
[12:21:09] Pulse Conviction: -1.0000 | ATR Mult: 0.53 | PnL: +0.00%
[12:21:11] Pulse Conviction: -1.0000 | ATR Mult: 0.50 | PnL: +0.00%
[12:21:13] Pulse Conviction: -1.0000 | ATR Mult: 0.50 | PnL: +0.01%
[12:21:15] Pulse Conviction: -1.0000 | ATR Mult: 0.50 | PnL: +0.00%
[12:21:17] Pulse Conviction: -1.0000 | ATR Mult: 0.50 | PnL: +0.00%
[12:21:19] Pulse Conviction: -1.0000 | ATR Mult: 0.58 | PnL: +0.00%
[12:21:21] Pulse Conviction: -1.0000 | ATR Mult: 0.50 | PnL: +0.00%
[12:21:23] Pulse Conviction: -1.0000 | ATR Mult: 0.50 | PnL: +0.01%
[12:21:25] Pulse Conviction: -1.0000 | ATR Mult: 0.50 | PnL: +0.01%
[12:21:27] Pulse Conviction: -1.0000 | ATR Mult: 0.56 | PnL: +0.02%
[12:21:29] Pulse Conviction: -1.0000 | ATR Mult: 0.55 | PnL: +0.02%
[12:21:31] Pulse Conviction: -1.0000 | ATR Mult: 0.53 | PnL: +0.02%
[12:21:33] Pulse Conviction: -1.0000 | ATR Mult: 0.53 | PnL: +0.02%
[12:21:35] Pulse Conviction: -1.0000 | ATR Mult: 0.51 | PnL: +0.02%
[12:21:38] Pulse Conviction: -1.0000 | ATR Mult: 0.51 | PnL: +0.01%
[12:21:40] Pulse Conviction: -1.0000 | ATR Mult: 0.50 | PnL: +0.02%
[12:21:42] Pulse Conviction: -1.0000 | ATR Mult: 0.50 | PnL: +0.01%
[12:21:44] Pulse Conviction: -1.0000 | ATR Mult: 0.50 | PnL: +0.02%
[12:21:46] Pulse Conviction: -1.0000 | ATR Mult: 0.50 | PnL: +0.02%
[12:21:48] Pulse Conviction: -1.0000 | ATR Mult: 0.50 | PnL: +0.02%
[12:21:50] Pulse Conviction: -1.0000 | ATR Mult: 0.50 | PnL: +0.02%
[12:21:52] Pulse Conviction: -1.0000 | ATR Mult: 0.50 | PnL: +0.02%
[12:21:54] Pulse Conviction: -0.9110 | ATR Mult: 0.50 | PnL: +0.03%
[12:21:56] Pulse Conviction: -0.7976 | ATR Mult: 0.50 | PnL: +0.02%
[12:21:58] Pulse Conviction: -0.5256 | ATR Mult: 0.50 | PnL: +0.03%
[12:22:01] Pulse Conviction: -1.0000 | ATR Mult: 0.69 | PnL: +0.03%
[12:22:03] Pulse Conviction: -1.0000 | ATR Mult: 0.72 | PnL: +0.03%
[12:22:05] Pulse Conviction: -1.0000 | ATR Mult: 0.72 | PnL: +0.03%
[12:22:07] Pulse Conviction: -1.0000 | ATR Mult: 0.69 | PnL: +0.03%
[12:22:09] Pulse Conviction: -1.0000 | ATR Mult: 0.74 | PnL: +0.03%
[12:22:11] Pulse Conviction: -1.0000 | ATR Mult: 0.74 | PnL: +0.03%
[12:22:13] Pulse Conviction: -1.0000 | ATR Mult: 0.71 | PnL: +0.02%
[12:22:15] Pulse Conviction: -1.0000 | ATR Mult: 0.73 | PnL: +0.03%
[12:22:17] Pulse Conviction: -1.0000 | ATR Mult: 0.74 | PnL: +0.03%
[12:22:19] Pulse Conviction: -1.0000 | ATR Mult: 0.70 | PnL: +0.02%
[12:22:22] Pulse Conviction: -1.0000 | ATR Mult: 0.50 | PnL: +0.02%
[12:22:24] Pulse Conviction: -1.0000 | ATR Mult: 0.52 | PnL: +0.02%
[12:22:26] Pulse Conviction: -1.0000 | ATR Mult: 0.50 | PnL: +0.02%
[12:22:28] Pulse Conviction: -1.0000 | ATR Mult: 0.50 | PnL: +0.01%
[12:22:30] Pulse Conviction: -1.0000 | ATR Mult: 0.50 | PnL: +0.01%
[12:22:32] Pulse Conviction: -1.0000 | ATR Mult: 0.50 | PnL: +0.00%
[12:22:34] Pulse Conviction: -1.0000 | ATR Mult: 0.50 | PnL: -0.00%
[12:22:36] Pulse Conviction: -1.0000 | ATR Mult: 0.50 | PnL: +0.00%
[12:22:38] Pulse Conviction: -1.0000 | ATR Mult: 0.50 | PnL: +0.00%
[12:22:40] Pulse Conviction: -0.1467 | ATR Mult: 0.50 | PnL: +0.00%
[12:22:42] Pulse Conviction: +1.0000 | ATR Mult: 0.50 | PnL: +0.00%
Positions Closed: SniperV5_Reverse
Order Executed: XAUUSD BUY at 4430.24
[12:22:45] Pulse Conviction: +1.0000 | ATR Mult: 0.50 | PnL: -0.00%
[12:22:47] Pulse Conviction: +1.0000 | ATR Mult: 0.50 | PnL: -0.00%
[12:22:49] Pulse Conviction: +1.0000 | ATR Mult: 0.50 | PnL: -0.00%
[12:22:51] Pulse Conviction: +1.0000 | ATR Mult: 0.50 | PnL: -0.00%
[12:22:53] Pulse Conviction: +1.0000 | ATR Mult: 0.50 | PnL: +0.00%
[12:22:56] Pulse Conviction: +1.0000 | ATR Mult: 0.50 | PnL: +0.00%
[12:22:58] Pulse Conviction: +1.0000 | ATR Mult: 0.50 | PnL: +0.00%
[12:23:00] Pulse Conviction: -0.1518 | ATR Mult: 0.50 | PnL: +0.00%
Positions Closed: SniperV5_Reverse
Order Executed: XAUUSD SELL at 4430.44
[12:23:03] Pulse Conviction: -1.0000 | ATR Mult: 0.50 | PnL: +0.00%
[12:23:05] Pulse Conviction: -1.0000 | ATR Mult: 0.54 | PnL: +0.00%
[12:23:07] Pulse Conviction: -1.0000 | ATR Mult: 0.56 | PnL: +0.00%
[12:23:09] Pulse Conviction: -1.0000 | ATR Mult: 0.56 | PnL: +0.01%
[12:23:11] Pulse Conviction: -1.0000 | ATR Mult: 0.63 | PnL: +0.01%
[12:23:13] Pulse Conviction: -1.0000 | ATR Mult: 0.64 | PnL: +0.01%
[12:23:15] Pulse Conviction: -1.0000 | ATR Mult: 0.64 | PnL: +0.01%
[12:23:17] Pulse Conviction: -1.0000 | ATR Mult: 0.64 | PnL: +0.01%
[12:23:19] Pulse Conviction: -1.0000 | ATR Mult: 0.64 | PnL: +0.01%
[12:23:21] Pulse Conviction: -1.0000 | ATR Mult: 0.50 | PnL: +0.01%
[12:23:24] Pulse Conviction: -1.0000 | ATR Mult: 0.50 | PnL: +0.01%
[12:23:26] Pulse Conviction: -1.0000 | ATR Mult: 0.51 | PnL: +0.02%
[12:23:28] Pulse Conviction: -1.0000 | ATR Mult: 0.51 | PnL: +0.02%
[12:23:30] Pulse Conviction: -1.0000 | ATR Mult: 0.50 | PnL: +0.01%
[12:23:32] Pulse Conviction: -1.0000 | ATR Mult: 0.50 | PnL: +0.02%
[12:23:34] Pulse Conviction: -1.0000 | ATR Mult: 0.67 | PnL: +0.03%
[12:23:36] Pulse Conviction: -1.0000 | ATR Mult: 0.68 | PnL: +0.03%
[12:23:39] Pulse Conviction: -1.0000 | ATR Mult: 0.71 | PnL: +0.03%
[12:23:41] Pulse Conviction: -1.0000 | ATR Mult: 0.53 | PnL: +0.04%
[12:23:43] Pulse Conviction: -1.0000 | ATR Mult: 0.51 | PnL: +0.03%
[12:23:45] Pulse Conviction: -1.0000 | ATR Mult: 0.52 | PnL: +0.03%
[12:23:47] Pulse Conviction: -1.0000 | ATR Mult: 0.51 | PnL: +0.03%
[12:23:49] Pulse Conviction: -1.0000 | ATR Mult: 0.55 | PnL: +0.03%
[12:23:51] Pulse Conviction: -1.0000 | ATR Mult: 0.54 | PnL: +0.03%
[12:23:53] Pulse Conviction: -1.0000 | ATR Mult: 0.50 | PnL: +0.03%
[12:23:55] Pulse Conviction: -1.0000 | ATR Mult: 0.50 | PnL: +0.03%
[12:23:57] Pulse Conviction: -1.0000 | ATR Mult: 0.50 | PnL: +0.03%
[12:24:00] Pulse Conviction: -1.0000 | ATR Mult: 0.65 | PnL: +0.03%
[12:24:02] Pulse Conviction: -1.0000 | ATR Mult: 0.61 | PnL: +0.03%
[12:24:04] Pulse Conviction: -1.0000 | ATR Mult: 0.63 | PnL: +0.03%
[12:24:06] Pulse Conviction: -1.0000 | ATR Mult: 0.69 | PnL: +0.04%
[12:24:08] Pulse Conviction: -1.0000 | ATR Mult: 0.84 | PnL: +0.00%
Order Executed: XAUUSD SELL at 4427.04
[12:24:10] Pulse Conviction: -1.0000 | ATR Mult: 0.85 | PnL: -0.00%
[12:24:13] Pulse Conviction: -1.0000 | ATR Mult: 0.85 | PnL: -0.00%
[12:24:15] Pulse Conviction: -1.0000 | ATR Mult: 0.85 | PnL: +0.00%
[12:24:18] Pulse Conviction: -1.0000 | ATR Mult: 0.85 | PnL: -0.00%
[12:24:20] Pulse Conviction: -1.0000 | ATR Mult: 0.79 | PnL: -0.01%
[12:24:22] Pulse Conviction: -1.0000 | ATR Mult: 0.80 | PnL: -0.00%
[12:24:24] Pulse Conviction: -1.0000 | ATR Mult: 0.80 | PnL: -0.00%
[12:24:26] Pulse Conviction: -1.0000 | ATR Mult: 0.80 | PnL: -0.01%
[12:24:28] Pulse Conviction: -1.0000 | ATR Mult: 0.81 | PnL: -0.00%
[12:24:30] Pulse Conviction: -1.0000 | ATR Mult: 0.81 | PnL: +0.00%
[12:24:32] Pulse Conviction: -1.0000 | ATR Mult: 0.82 | PnL: +0.00%
[12:24:34] Pulse Conviction: -1.0000 | ATR Mult: 0.82 | PnL: +0.00%
[12:24:36] Pulse Conviction: -1.0000 | ATR Mult: 0.81 | PnL: +0.00%
[12:24:38] Pulse Conviction: -1.0000 | ATR Mult: 0.81 | PnL: -0.00%
[12:24:41] Pulse Conviction: -1.0000 | ATR Mult: 0.71 | PnL: -0.00%
[12:24:43] Pulse Conviction: -1.0000 | ATR Mult: 0.71 | PnL: -0.00%
[12:24:45] Pulse Conviction: -1.0000 | ATR Mult: 0.71 | PnL: -0.00%
[12:24:47] Pulse Conviction: -1.0000 | ATR Mult: 0.71 | PnL: -0.01%
[12:24:49] Pulse Conviction: -1.0000 | ATR Mult: 0.70 | PnL: -0.01%
[12:24:51] Pulse Conviction: -1.0000 | ATR Mult: 0.70 | PnL: -0.01%
[12:24:53] Pulse Conviction: -1.0000 | ATR Mult: 0.70 | PnL: -0.01%
[12:24:55] Pulse Conviction: -1.0000 | ATR Mult: 0.69 | PnL: -0.01%
[12:24:57] Pulse Conviction: -1.0000 | ATR Mult: 0.69 | PnL: -0.01%
[12:24:59] Pulse Conviction: -1.0000 | ATR Mult: 0.50 | PnL: -0.02%
[12:25:01] Pulse Conviction: -1.0000 | ATR Mult: 0.77 | PnL: -0.01%
[12:25:04] Pulse Conviction: -1.0000 | ATR Mult: 0.77 | PnL: -0.01%
[12:25:06] Pulse Conviction: -1.0000 | ATR Mult: 0.81 | PnL: -0.00%
[12:25:08] Pulse Conviction: -1.0000 | ATR Mult: 0.81 | PnL: -0.00%
[12:25:10] Pulse Conviction: -1.0000 | ATR Mult: 0.83 | PnL: +0.00%
[12:25:12] Pulse Conviction: -1.0000 | ATR Mult: 0.83 | PnL: +0.00%
[12:25:14] Pulse Conviction: -1.0000 | ATR Mult: 0.83 | PnL: +0.00%
[12:25:17] Pulse Conviction: -1.0000 | ATR Mult: 0.83 | PnL: +0.01%
[12:25:19] Pulse Conviction: -1.0000 | ATR Mult: 0.83 | PnL: +0.01%
[12:25:21] Pulse Conviction: -1.0000 | ATR Mult: 0.78 | PnL: +0.01%
[12:25:23] Pulse Conviction: -1.0000 | ATR Mult: 0.78 | PnL: +0.01%
[12:25:25] Pulse Conviction: -1.0000 | ATR Mult: 0.78 | PnL: +0.01%
[12:25:27] Pulse Conviction: -1.0000 | ATR Mult: 0.78 | PnL: +0.01%
[12:25:29] Pulse Conviction: -1.0000 | ATR Mult: 0.78 | PnL: +0.01%
[12:25:31] Pulse Conviction: -1.0000 | ATR Mult: 0.79 | PnL: +0.01%
[12:25:33] Pulse Conviction: -1.0000 | ATR Mult: 0.79 | PnL: +0.01%
[12:25:35] Pulse Conviction: -1.0000 | ATR Mult: 0.79 | PnL: +0.01%
[12:25:37] Pulse Conviction: -1.0000 | ATR Mult: 0.80 | PnL: +0.01%
[12:25:39] Pulse Conviction: -1.0000 | ATR Mult: 0.79 | PnL: +0.01%
[12:25:42] Pulse Conviction: -1.0000 | ATR Mult: 0.70 | PnL: +0.03%
[12:25:44] Pulse Conviction: -1.0000 | ATR Mult: 0.73 | PnL: +0.06%
[12:25:46] Pulse Conviction: -1.0000 | ATR Mult: 0.71 | PnL: +0.05%
[12:25:48] Pulse Conviction: -1.0000 | ATR Mult: 0.74 | PnL: +0.06%
[12:25:50] Pulse Conviction: -1.0000 | ATR Mult: 0.73 | PnL: +0.07%
[12:25:52] Pulse Conviction: -1.0000 | ATR Mult: 0.80 | PnL: +0.08%
[12:25:54] Pulse Conviction: -1.0000 | ATR Mult: 0.50 | PnL: +0.08%
[12:25:56] Pulse Conviction: -1.0000 | ATR Mult: 0.50 | PnL: +0.00%
Order Executed: XAUUSD SELL at 4423.31
[12:25:58] Pulse Conviction: -1.0000 | ATR Mult: 0.59 | PnL: +0.00%
[12:26:01] Pulse Conviction: -1.0000 | ATR Mult: 0.80 | PnL: +0.01%
[12:26:03] Pulse Conviction: -1.0000 | ATR Mult: 0.80 | PnL: +0.00%
[12:26:05] Pulse Conviction: -1.0000 | ATR Mult: 0.79 | PnL: -0.00%
[12:26:07] Pulse Conviction: -1.0000 | ATR Mult: 0.79 | PnL: -0.00%
[12:26:09] Pulse Conviction: -1.0000 | ATR Mult: 0.80 | PnL: +0.00%
[12:26:11] Pulse Conviction: -1.0000 | ATR Mult: 0.80 | PnL: +0.00%
[12:26:13] Pulse Conviction: -1.0000 | ATR Mult: 0.82 | PnL: +0.01%
[12:26:15] Pulse Conviction: -1.0000 | ATR Mult: 0.81 | PnL: +0.01%
[12:26:17] Pulse Conviction: -1.0000 | ATR Mult: 0.81 | PnL: +0.02%
[12:26:19] Pulse Conviction: -1.0000 | ATR Mult: 0.79 | PnL: +0.03%
[12:26:21] Pulse Conviction: -1.0000 | ATR Mult: 0.76 | PnL: +0.03%
[12:26:23] Pulse Conviction: -1.0000 | ATR Mult: 0.78 | PnL: +0.00%
Order Executed: XAUUSD SELL at 4419.42
[12:26:26] Pulse Conviction: -1.0000 | ATR Mult: 0.78 | PnL: -0.00%
[12:26:28] Pulse Conviction: -1.0000 | ATR Mult: 0.78 | PnL: -0.00%
[12:26:30] Pulse Conviction: -1.0000 | ATR Mult: 0.78 | PnL: +0.02%
[12:26:32] Pulse Conviction: -1.0000 | ATR Mult: 0.78 | PnL: +0.02%
[12:26:34] Pulse Conviction: -1.0000 | ATR Mult: 0.79 | PnL: +0.03%
[12:26:36] Pulse Conviction: -1.0000 | ATR Mult: 0.79 | PnL: +0.03%
[12:26:38] Pulse Conviction: -1.0000 | ATR Mult: 0.79 | PnL: +0.04%
[12:26:40] Pulse Conviction: -1.0000 | ATR Mult: 0.73 | PnL: +0.07%
[12:26:42] Pulse Conviction: -1.0000 | ATR Mult: 0.72 | PnL: +0.07%
[12:26:45] Pulse Conviction: -1.0000 | ATR Mult: 0.71 | PnL: +0.07%
[12:26:47] Pulse Conviction: -1.0000 | ATR Mult: 0.70 | PnL: +0.07%
[12:26:49] Pulse Conviction: -1.0000 | ATR Mult: 0.71 | PnL: +0.08%
[12:26:51] Pulse Conviction: -1.0000 | ATR Mult: 0.68 | PnL: +0.06%
[12:26:53] Pulse Conviction: -1.0000 | ATR Mult: 0.50 | PnL: +0.06%
[12:26:55] Pulse Conviction: -1.0000 | ATR Mult: 0.50 | PnL: +0.05%
[12:26:57] Pulse Conviction: -1.0000 | ATR Mult: 0.50 | PnL: +0.06%
[12:26:59] Pulse Conviction: -1.0000 | ATR Mult: 0.53 | PnL: +0.09%
[12:27:01] Pulse Conviction: -1.0000 | ATR Mult: 0.71 | PnL: +0.08%
[12:27:03] Pulse Conviction: -1.0000 | ATR Mult: 0.72 | PnL: +0.09%
[12:27:06] Pulse Conviction: -1.0000 | ATR Mult: 0.71 | PnL: +0.08%
[12:27:08] Pulse Conviction: -1.0000 | ATR Mult: 0.72 | PnL: +0.07%
[12:27:10] Pulse Conviction: -1.0000 | ATR Mult: 0.65 | PnL: +0.05%
[12:27:12] Pulse Conviction: -1.0000 | ATR Mult: 0.66 | PnL: +0.05%
[12:27:14] Pulse Conviction: -1.0000 | ATR Mult: 0.72 | PnL: +0.07%
[12:27:16] Pulse Conviction: -1.0000 | ATR Mult: 0.72 | PnL: +0.06%
[12:27:18] Pulse Conviction: -1.0000 | ATR Mult: 0.68 | PnL: +0.09%
[12:27:20] Pulse Conviction: -1.0000 | ATR Mult: 0.70 | PnL: +0.09%
[12:27:22] Pulse Conviction: -1.0000 | ATR Mult: 0.72 | PnL: +0.10%
[12:27:24] Pulse Conviction: -1.0000 | ATR Mult: 0.73 | PnL: +0.00%
Order Executed: XAUUSD SELL at 4413.94
[12:27:27] Pulse Conviction: -1.0000 | ATR Mult: 0.75 | PnL: -0.00%
[12:27:29] Pulse Conviction: -1.0000 | ATR Mult: 0.74 | PnL: -0.01%
[12:27:31] Pulse Conviction: -1.0000 | ATR Mult: 0.73 | PnL: -0.04%
[12:27:33] Pulse Conviction: -1.0000 | ATR Mult: 0.70 | PnL: -0.05%
[12:27:35] Pulse Conviction: -1.0000 | ATR Mult: 0.70 | PnL: -0.05%
[12:27:38] Pulse Conviction: -1.0000 | ATR Mult: 0.70 | PnL: -0.05%
[12:27:40] Pulse Conviction: -1.0000 | ATR Mult: 0.58 | PnL: -0.05%
[12:27:42] Pulse Conviction: -1.0000 | ATR Mult: 0.58 | PnL: -0.05%
[12:27:44] Pulse Conviction: -1.0000 | ATR Mult: 0.57 | PnL: -0.05%
[12:27:46] Pulse Conviction: -1.0000 | ATR Mult: 0.58 | PnL: -0.04%
[12:27:48] Pulse Conviction: -1.0000 | ATR Mult: 0.56 | PnL: -0.07%
[12:27:50] Pulse Conviction: -1.0000 | ATR Mult: 0.53 | PnL: -0.05%
[12:27:52] Pulse Conviction: -1.0000 | ATR Mult: 0.57 | PnL: -0.01%
[12:27:54] Pulse Conviction: -1.0000 | ATR Mult: 0.50 | PnL: -0.03%
[12:27:56] Pulse Conviction: -1.0000 | ATR Mult: 0.50 | PnL: -0.00%
[12:27:59] Pulse Conviction: -1.0000 | ATR Mult: 0.50 | PnL: -0.00%
[12:28:01] Pulse Conviction: -1.0000 | ATR Mult: 0.61 | PnL: -0.01%
[12:28:03] Pulse Conviction: -1.0000 | ATR Mult: 0.61 | PnL: -0.01%
[12:28:05] Pulse Conviction: -1.0000 | ATR Mult: 0.62 | PnL: -0.01%
[12:28:07] Pulse Conviction: -1.0000 | ATR Mult: 0.64 | PnL: +0.00%
[12:28:09] Pulse Conviction: -1.0000 | ATR Mult: 0.64 | PnL: +0.00%
Order Failed: Invalid stops
[12:28:11] Pulse Conviction: -1.0000 | ATR Mult: 0.66 | PnL: +0.00%
Order Failed: Invalid stops
[12:28:14] Pulse Conviction: -1.0000 | ATR Mult: 0.65 | PnL: +0.00%
Order Failed: Invalid stops
[12:28:16] Pulse Conviction: -1.0000 | ATR Mult: 0.64 | PnL: +0.00%
Order Failed: Invalid stops
[12:28:19] Pulse Conviction: -1.0000 | ATR Mult: 0.64 | PnL: +0.00%
Order Failed: Invalid stops
[12:28:21] Pulse Conviction: -1.0000 | ATR Mult: 0.51 | PnL: +0.00%
Order Failed: Invalid stops
[12:28:23] Pulse Conviction: -1.0000 | ATR Mult: 0.51 | PnL: +0.00%
Order Failed: Invalid stops
[12:28:25] Pulse Conviction: -1.0000 | ATR Mult: 0.50 | PnL: +0.00%
Order Failed: Invalid stops
[12:28:28] Pulse Conviction: -1.0000 | ATR Mult: 0.50 | PnL: +0.00%
Order Failed: Invalid stops
[12:28:30] Pulse Conviction: -1.0000 | ATR Mult: 0.50 | PnL: +0.00%
Order Failed: Invalid stops
[12:28:32] Pulse Conviction: -1.0000 | ATR Mult: 0.50 | PnL: +0.00%
Order Executed: XAUUSD SELL at 4415.46
[12:28:37] Pulse Conviction: -1.0000 | ATR Mult: 0.50 | PnL: +0.00%
Order Executed: XAUUSD SELL at 4415.38
[12:28:39] Pulse Conviction: -1.0000 | ATR Mult: 0.50 | PnL: +0.00%
Order Failed: Invalid stops
[12:28:42] Pulse Conviction: -1.0000 | ATR Mult: 0.50 | PnL: +0.00%
Order Failed: Invalid stops
[12:28:45] Pulse Conviction: -1.0000 | ATR Mult: 0.50 | PnL: +0.00%
Order Failed: Invalid stops
[12:28:47] Pulse Conviction: -1.0000 | ATR Mult: 0.50 | PnL: +0.00%
Order Failed: Invalid stops
[12:28:49] Pulse Conviction: -1.0000 | ATR Mult: 0.50 | PnL: +0.00%
Order Failed: Invalid stops
[12:28:51] Pulse Conviction: -1.0000 | ATR Mult: 0.50 | PnL: +0.00%
Order Failed: Invalid stops
[12:28:54] Pulse Conviction: -1.0000 | ATR Mult: 0.50 | PnL: +0.00%
Order Failed: Invalid stops
[12:28:56] Pulse Conviction: -1.0000 | ATR Mult: 0.50 | PnL: +0.00%
Order Failed: Invalid stops
[12:28:58] Pulse Conviction: -1.0000 | ATR Mult: 0.50 | PnL: +0.00%
Order Executed: XAUUSD SELL at 4416.34
[12:29:01] Pulse Conviction: -1.0000 | ATR Mult: 0.68 | PnL: +0.02%
[12:29:03] Pulse Conviction: -1.0000 | ATR Mult: 0.68 | PnL: +0.02%
[12:29:05] Pulse Conviction: -1.0000 | ATR Mult: 0.67 | PnL: +0.00%
Order Executed: XAUUSD SELL at 4417.56
[12:29:07] Pulse Conviction: -1.0000 | ATR Mult: 0.65 | PnL: -0.01%
[12:29:09] Pulse Conviction: -1.0000 | ATR Mult: 0.65 | PnL: -0.01%
[12:29:11] Pulse Conviction: -1.0000 | ATR Mult: 0.50 | PnL: +0.00%
[12:29:13] Pulse Conviction: -1.0000 | ATR Mult: 0.50 | PnL: +0.01%
[12:29:15] Pulse Conviction: -1.0000 | ATR Mult: 0.51 | PnL: +0.02%
[12:29:18] Pulse Conviction: -1.0000 | ATR Mult: 0.52 | PnL: +0.02%
[12:29:20] Pulse Conviction: -1.0000 | ATR Mult: 0.50 | PnL: +0.02%
[12:29:22] Pulse Conviction: -1.0000 | ATR Mult: 0.50 | PnL: +0.01%
[12:29:24] Pulse Conviction: -1.0000 | ATR Mult: 0.50 | PnL: +0.01%
[12:29:26] Pulse Conviction: -1.0000 | ATR Mult: 0.50 | PnL: +0.01%
[12:29:28] Pulse Conviction: -1.0000 | ATR Mult: 0.50 | PnL: +0.01%
[12:29:30] Pulse Conviction: -1.0000 | ATR Mult: 0.50 | PnL: +0.01%
[12:29:32] Pulse Conviction: -1.0000 | ATR Mult: 0.50 | PnL: -0.00%
[12:29:34] Pulse Conviction: -1.0000 | ATR Mult: 0.50 | PnL: -0.00%
[12:29:36] Pulse Conviction: -0.3676 | ATR Mult: 0.50 | PnL: -0.02%
[12:29:38] Pulse Conviction: +0.2290 | ATR Mult: 0.50 | PnL: -0.02%
Positions Closed: SniperV5_Reverse
Order Executed: XAUUSD BUY at 4418.64
[12:29:41] Pulse Conviction: +0.8932 | ATR Mult: 0.50 | PnL: -0.01%
[12:29:43] Pulse Conviction: +1.0000 | ATR Mult: 0.50 | PnL: -0.02%
[12:29:45] Pulse Conviction: +1.0000 | ATR Mult: 0.50 | PnL: +0.00%
Order Executed: XAUUSD BUY at 4417.26
[12:29:47] Pulse Conviction: +1.0000 | ATR Mult: 0.50 | PnL: -0.00%
[12:29:50] Pulse Conviction: +1.0000 | ATR Mult: 0.50 | PnL: -0.00%
[12:29:52] Pulse Conviction: +1.0000 | ATR Mult: 0.50 | PnL: -0.00%
[12:29:54] Pulse Conviction: +1.0000 | ATR Mult: 0.50 | PnL: +0.00%
[12:29:56] Pulse Conviction: +1.0000 | ATR Mult: 0.50 | PnL: -0.00%
[12:29:58] Pulse Conviction: +1.0000 | ATR Mult: 0.50 | PnL: +0.01%
[12:30:00] Pulse Conviction: -0.7438 | ATR Mult: 0.50 | PnL: +0.00%
Positions Closed: SniperV5_Reverse
Order Executed: XAUUSD SELL at 4417.39
[12:30:02] Pulse Conviction: -1.0000 | ATR Mult: 0.50 | PnL: -0.00%
[12:30:04] Pulse Conviction: -1.0000 | ATR Mult: 0.50 | PnL: -0.00%
[12:30:07] Pulse Conviction: -1.0000 | ATR Mult: 0.50 | PnL: +0.00%
[12:30:09] Pulse Conviction: -1.0000 | ATR Mult: 0.50 | PnL: -0.01%
[12:30:11] Pulse Conviction: -1.0000 | ATR Mult: 0.50 | PnL: -0.01%
[12:30:13] Pulse Conviction: -1.0000 | ATR Mult: 0.50 | PnL: -0.02%
[12:30:15] Pulse Conviction: -1.0000 | ATR Mult: 0.50 | PnL: -0.02%
[12:30:17] Pulse Conviction: -1.0000 | ATR Mult: 0.50 | PnL: -0.02%
[12:30:19] Pulse Conviction: -1.0000 | ATR Mult: 0.50 | PnL: -0.03%
[12:30:21] Pulse Conviction: -0.3343 | ATR Mult: 0.50 | PnL: -0.02%
[12:30:23] Pulse Conviction: +0.3056 | ATR Mult: 0.50 | PnL: -0.02%
Positions Closed: SniperV5_Reverse
Order Executed: XAUUSD BUY at 4418.17
[12:30:26] Pulse Conviction: +0.9268 | ATR Mult: 0.50 | PnL: +0.02%
[12:30:28] Pulse Conviction: +1.0000 | ATR Mult: 0.50 | PnL: +0.02%
[12:30:30] Pulse Conviction: +1.0000 | ATR Mult: 0.50 | PnL: +0.02%
[12:30:32] Pulse Conviction: +1.0000 | ATR Mult: 0.50 | PnL: +0.02%
[12:30:34] Pulse Conviction: +1.0000 | ATR Mult: 0.50 | PnL: +0.02%
[12:30:36] Pulse Conviction: +1.0000 | ATR Mult: 0.50 | PnL: +0.02%
[12:30:38] Pulse Conviction: +1.0000 | ATR Mult: 0.50 | PnL: +0.03%
[12:30:40] Pulse Conviction: +1.0000 | ATR Mult: 0.50 | PnL: +0.01%
[12:30:43] Pulse Conviction: +1.0000 | ATR Mult: 0.50 | PnL: +0.02%
[12:30:45] Pulse Conviction: +1.0000 | ATR Mult: 0.50 | PnL: +0.02%
[12:30:47] Pulse Conviction: +1.0000 | ATR Mult: 0.50 | PnL: +0.00%
Order Failed: Invalid stops
[12:30:49] Pulse Conviction: +1.0000 | ATR Mult: 0.50 | PnL: +0.00%
Order Executed: XAUUSD BUY at 4417.86
[12:30:51] Pulse Conviction: +1.0000 | ATR Mult: 0.50 | PnL: +0.00%
Order Failed: Invalid stops
[12:30:54] Pulse Conviction: +1.0000 | ATR Mult: 0.50 | PnL: +0.00%
Order Failed: Invalid stops
[12:30:56] Pulse Conviction: +1.0000 | ATR Mult: 0.50 | PnL: +0.00%
Order Failed: Invalid stops
[12:30:58] Pulse Conviction: +1.0000 | ATR Mult: 0.50 | PnL: +0.00%
Order Failed: Invalid stops
[12:31:01] Pulse Conviction: -0.2485 | ATR Mult: 0.50 | PnL: +0.00%
Order Executed: XAUUSD SELL at 4418.22
[12:31:03] Pulse Conviction: -1.0000 | ATR Mult: 0.50 | PnL: -0.05%
[12:31:05] Pulse Conviction: -1.0000 | ATR Mult: 0.50 | PnL: -0.05%
[12:31:07] Pulse Conviction: -1.0000 | ATR Mult: 0.50 | PnL: -0.05%
[12:31:09] Pulse Conviction: -1.0000 | ATR Mult: 0.63 | PnL: -0.02%
[12:31:11] Pulse Conviction: -1.0000 | ATR Mult: 0.50 | PnL: -0.01%
[12:31:13] Pulse Conviction: -1.0000 | ATR Mult: 0.50 | PnL: -0.02%
[12:31:15] Pulse Conviction: -1.0000 | ATR Mult: 0.50 | PnL: -0.02%
[12:31:17] Pulse Conviction: -1.0000 | ATR Mult: 0.50 | PnL: -0.02%
[12:31:20] Pulse Conviction: -1.0000 | ATR Mult: 0.50 | PnL: -0.03%
[12:31:22] Pulse Conviction: -1.0000 | ATR Mult: 0.50 | PnL: -0.04%
[12:31:24] Pulse Conviction: -1.0000 | ATR Mult: 0.50 | PnL: -0.03%
[12:31:26] Pulse Conviction: -1.0000 | ATR Mult: 0.50 | PnL: -0.03%
[12:31:28] Pulse Conviction: -1.0000 | ATR Mult: 0.50 | PnL: -0.04%
[12:31:30] Pulse Conviction: -1.0000 | ATR Mult: 0.50 | PnL: -0.04%
[12:31:32] Pulse Conviction: -1.0000 | ATR Mult: 0.50 | PnL: -0.04%
[12:31:34] Pulse Conviction: -1.0000 | ATR Mult: 0.50 | PnL: -0.04%
[12:31:36] Pulse Conviction: -1.0000 | ATR Mult: 0.50 | PnL: -0.04%
[12:31:38] Pulse Conviction: -1.0000 | ATR Mult: 0.50 | PnL: -0.03%
[12:31:40] Pulse Conviction: -0.7882 | ATR Mult: 0.50 | PnL: -0.03%
[12:31:43] Pulse Conviction: -0.5841 | ATR Mult: 0.50 | PnL: -0.03%
[12:31:45] Pulse Conviction: -0.2710 | ATR Mult: 0.50 | PnL: -0.04%
[12:31:47] Pulse Conviction: -0.0886 | ATR Mult: 0.50 | PnL: -0.03%
[12:31:49] Pulse Conviction: +0.1611 | ATR Mult: 0.50 | PnL: -0.04%
Positions Closed: SniperV5_Reverse
Order Executed: XAUUSD BUY at 4416.72
[12:31:52] Pulse Conviction: +1.0000 | ATR Mult: 0.50 | PnL: -0.00%
[12:31:54] Pulse Conviction: +1.0000 | ATR Mult: 0.50 | PnL: +0.01%
[12:31:56] Pulse Conviction: +1.0000 | ATR Mult: 0.50 | PnL: +0.02%
[12:31:58] Pulse Conviction: +1.0000 | ATR Mult: 0.50 | PnL: +0.02%
[12:32:00] Pulse Conviction: -0.3315 | ATR Mult: 0.50 | PnL: +0.01%
Positions Closed: SniperV5_Reverse
Order Executed: XAUUSD SELL at 4417.44
[12:32:02] Pulse Conviction: -1.0000 | ATR Mult: 0.50 | PnL: -0.01%
[12:32:04] Pulse Conviction: -1.0000 | ATR Mult: 0.50 | PnL: -0.01%
[12:32:06] Pulse Conviction: -1.0000 | ATR Mult: 0.50 | PnL: -0.02%
[12:32:08] Pulse Conviction: -1.0000 | ATR Mult: 0.50 | PnL: -0.02%
[12:32:11] Pulse Conviction: -1.0000 | ATR Mult: 0.50 | PnL: -0.02%
[12:32:13] Pulse Conviction: -1.0000 | ATR Mult: 0.50 | PnL: -0.01%
[12:32:15] Pulse Conviction: -1.0000 | ATR Mult: 0.50 | PnL: -0.01%
[12:32:17] Pulse Conviction: -1.0000 | ATR Mult: 0.50 | PnL: -0.02%
[12:32:19] Pulse Conviction: -1.0000 | ATR Mult: 0.50 | PnL: -0.02%
[12:32:21] Pulse Conviction: -0.7089 | ATR Mult: 0.50 | PnL: -0.02%
[12:32:23] Pulse Conviction: -0.5318 | ATR Mult: 0.50 | PnL: -0.02%
[12:32:25] Pulse Conviction: -0.3366 | ATR Mult: 0.50 | PnL: -0.02%
[12:32:27] Pulse Conviction: -0.1110 | ATR Mult: 0.50 | PnL: -0.02%
[12:32:29] Pulse Conviction: +0.1222 | ATR Mult: 0.50 | PnL: -0.02%
[12:32:31] Pulse Conviction: +0.4459 | ATR Mult: 0.50 | PnL: -0.02%
Positions Closed: SniperV5_Reverse
Order Executed: XAUUSD BUY at 4418.38
[12:32:34] Pulse Conviction: +0.4585 | ATR Mult: 0.50 | PnL: -0.01%
[12:32:36] Pulse Conviction: +0.6978 | ATR Mult: 0.50 | PnL: +0.01%
[12:32:38] Pulse Conviction: +1.0000 | ATR Mult: 0.50 | PnL: +0.02%
[12:32:40] Pulse Conviction: +1.0000 | ATR Mult: 0.50 | PnL: +0.02%
[12:32:42] Pulse Conviction: +1.0000 | ATR Mult: 0.50 | PnL: +0.03%
[12:32:45] Pulse Conviction: +1.0000 | ATR Mult: 0.50 | PnL: +0.03%
[12:32:47] Pulse Conviction: +1.0000 | ATR Mult: 0.50 | PnL: +0.03%
[12:32:49] Pulse Conviction: +1.0000 | ATR Mult: 0.50 | PnL: +0.03%
[12:32:51] Pulse Conviction: +1.0000 | ATR Mult: 0.50 | PnL: +0.03%
[12:32:53] Pulse Conviction: +1.0000 | ATR Mult: 0.50 | PnL: +0.04%
[12:32:55] Pulse Conviction: +1.0000 | ATR Mult: 0.50 | PnL: +0.03%
[12:32:57] Pulse Conviction: +1.0000 | ATR Mult: 0.50 | PnL: +0.04%
[12:32:59] Pulse Conviction: +1.0000 | ATR Mult: 0.50 | PnL: +0.03%
[12:33:01] Pulse Conviction: +0.4909 | ATR Mult: 0.50 | PnL: +0.04%
[12:33:03] Pulse Conviction: -0.1058 | ATR Mult: 0.50 | PnL: +0.03%
[12:33:05] Pulse Conviction: -0.8560 | ATR Mult: 0.50 | PnL: +0.03%
Positions Closed: SniperV5_Reverse
Order Executed: XAUUSD SELL at 4419.73
[12:33:08] Pulse Conviction: -1.0000 | ATR Mult: 0.50 | PnL: +0.01%
[12:33:10] Pulse Conviction: -1.0000 | ATR Mult: 0.50 | PnL: +0.00%
[12:33:12] Pulse Conviction: -1.0000 | ATR Mult: 0.50 | PnL: +0.00%
[12:33:14] Pulse Conviction: -1.0000 | ATR Mult: 0.50 | PnL: +0.01%
[12:33:16] Pulse Conviction: -1.0000 | ATR Mult: 0.50 | PnL: +0.01%
[12:33:18] Pulse Conviction: -1.0000 | ATR Mult: 0.50 | PnL: +0.00%
[12:33:20] Pulse Conviction: -0.3919 | ATR Mult: 0.50 | PnL: -0.00%
[12:33:22] Pulse Conviction: +0.3313 | ATR Mult: 0.50 | PnL: +0.00%
Positions Closed: SniperV5_Reverse
Order Executed: XAUUSD BUY at 4419.72
[12:33:25] Pulse Conviction: +1.0000 | ATR Mult: 0.50 | PnL: -0.00%
[12:33:27] Pulse Conviction: +1.0000 | ATR Mult: 0.50 | PnL: +0.00%
[12:33:29] Pulse Conviction: +1.0000 | ATR Mult: 0.50 | PnL: +0.01%
[12:33:31] Pulse Conviction: +1.0000 | ATR Mult: 0.50 | PnL: +0.01%
[12:33:33] Pulse Conviction: +1.0000 | ATR Mult: 0.50 | PnL: +0.01%
[12:33:35] Pulse Conviction: +1.0000 | ATR Mult: 0.50 | PnL: +0.01%
[12:33:37] Pulse Conviction: +1.0000 | ATR Mult: 0.50 | PnL: +0.01%
[12:33:39] Pulse Conviction: +1.0000 | ATR Mult: 0.50 | PnL: +0.02%
[12:33:42] Pulse Conviction: +1.0000 | ATR Mult: 0.50 | PnL: +0.02%
[12:33:44] Pulse Conviction: +1.0000 | ATR Mult: 0.50 | PnL: +0.02%
[12:33:46] Pulse Conviction: +1.0000 | ATR Mult: 0.50 | PnL: +0.02%
[12:33:48] Pulse Conviction: +1.0000 | ATR Mult: 0.50 | PnL: +0.02%
[12:33:50] Pulse Conviction: +1.0000 | ATR Mult: 0.50 | PnL: +0.02%
[12:33:52] Pulse Conviction: +1.0000 | ATR Mult: 0.50 | PnL: +0.02%
[12:33:54] Pulse Conviction: +1.0000 | ATR Mult: 0.50 | PnL: +0.01%
[12:33:56] Pulse Conviction: +1.0000 | ATR Mult: 0.50 | PnL: +0.02%
[12:33:58] Pulse Conviction: +1.0000 | ATR Mult: 0.50 | PnL: +0.02%
[12:34:00] Pulse Conviction: +0.8081 | ATR Mult: 0.50 | PnL: +0.02%
[12:34:02] Pulse Conviction: +0.6465 | ATR Mult: 0.50 | PnL: +0.03%
[12:34:04] Pulse Conviction: +0.3785 | ATR Mult: 0.50 | PnL: +0.02%
[12:34:06] Pulse Conviction: +0.0977 | ATR Mult: 0.50 | PnL: +0.01%
[12:34:09] Pulse Conviction: -0.2033 | ATR Mult: 0.50 | PnL: +0.01%
Positions Closed: SniperV5_Reverse
Order Executed: XAUUSD SELL at 4420.72
[12:34:11] Pulse Conviction: -0.7284 | ATR Mult: 0.50 | PnL: +0.00%
[12:34:13] Pulse Conviction: -1.0000 | ATR Mult: 0.50 | PnL: +0.02%
[12:34:15] Pulse Conviction: -1.0000 | ATR Mult: 0.50 | PnL: +0.02%
[12:34:17] Pulse Conviction: -1.0000 | ATR Mult: 0.50 | PnL: +0.02%
[12:34:19] Pulse Conviction: -1.0000 | ATR Mult: 0.50 | PnL: +0.02%
[12:34:21] Pulse Conviction: -1.0000 | ATR Mult: 0.50 | PnL: +0.02%
[12:34:24] Pulse Conviction: -1.0000 | ATR Mult: 0.50 | PnL: +0.01%
[12:34:26] Pulse Conviction: -1.0000 | ATR Mult: 0.50 | PnL: +0.01%
[12:34:28] Pulse Conviction: -1.0000 | ATR Mult: 0.50 | PnL: +0.01%
[12:34:30] Pulse Conviction: -1.0000 | ATR Mult: 0.50 | PnL: +0.01%
[12:34:32] Pulse Conviction: -1.0000 | ATR Mult: 0.50 | PnL: +0.02%
[12:34:34] Pulse Conviction: -1.0000 | ATR Mult: 0.50 | PnL: +0.01%
[12:34:36] Pulse Conviction: -1.0000 | ATR Mult: 0.50 | PnL: +0.01%
[12:34:38] Pulse Conviction: -1.0000 | ATR Mult: 0.50 | PnL: +0.01%
[12:34:40] Pulse Conviction: +0.6539 | ATR Mult: 0.50 | PnL: +0.01%
Positions Closed: SniperV5_Reverse
Order Executed: XAUUSD BUY at 4420.07
[12:34:43] Pulse Conviction: +1.0000 | ATR Mult: 0.50 | PnL: -0.00%
[12:34:45] Pulse Conviction: +1.0000 | ATR Mult: 0.50 | PnL: -0.00%
[12:34:47] Pulse Conviction: +1.0000 | ATR Mult: 0.50 | PnL: -0.00%
[12:34:49] Pulse Conviction: +1.0000 | ATR Mult: 0.50 | PnL: -0.01%
[12:34:51] Pulse Conviction: +1.0000 | ATR Mult: 0.50 | PnL: -0.00%
[12:34:53] Pulse Conviction: +1.0000 | ATR Mult: 0.50 | PnL: -0.00%
[12:34:55] Pulse Conviction: +1.0000 | ATR Mult: 0.50 | PnL: -0.01%
[12:34:58] Pulse Conviction: +1.0000 | ATR Mult: 0.50 | PnL: -0.01%
[12:35:00] Pulse Conviction: +0.4943 | ATR Mult: 0.50 | PnL: -0.01%
[12:35:02] Pulse Conviction: -0.3778 | ATR Mult: 0.50 | PnL: -0.02%
Positions Closed: SniperV5_Reverse
Order Executed: XAUUSD SELL at 4419.28
[12:35:05] Pulse Conviction: -1.0000 | ATR Mult: 0.50 | PnL: -0.01%
[12:35:08] Pulse Conviction: -1.0000 | ATR Mult: 0.50 | PnL: +0.01%
[12:35:10] Pulse Conviction: -1.0000 | ATR Mult: 0.50 | PnL: -0.00%
[12:35:12] Pulse Conviction: -1.0000 | ATR Mult: 0.50 | PnL: -0.00%
[12:35:14] Pulse Conviction: -1.0000 | ATR Mult: 0.50 | PnL: -0.01%
[12:35:16] Pulse Conviction: -1.0000 | ATR Mult: 0.50 | PnL: -0.01%
[12:35:18] Pulse Conviction: -1.0000 | ATR Mult: 0.50 | PnL: -0.01%
[12:35:20] Pulse Conviction: -0.8352 | ATR Mult: 0.50 | PnL: +0.00%
[12:35:22] Pulse Conviction: -0.6750 | ATR Mult: 0.50 | PnL: +0.00%
[12:35:24] Pulse Conviction: -0.5604 | ATR Mult: 0.50 | PnL: +0.00%
[12:35:26] Pulse Conviction: -0.6092 | ATR Mult: 0.50 | PnL: +0.01%
[12:35:28] Pulse Conviction: -0.6264 | ATR Mult: 0.50 | PnL: +0.01%
[12:35:30] Pulse Conviction: -0.6699 | ATR Mult: 0.50 | PnL: +0.01%
[12:35:33] Pulse Conviction: -0.3727 | ATR Mult: 0.50 | PnL: -0.01%
[12:35:35] Pulse Conviction: -0.1230 | ATR Mult: 0.50 | PnL: -0.01%
[12:35:37] Pulse Conviction: -0.0196 | ATR Mult: 0.50 | PnL: -0.00%
Positions Closed: SniperV5_Neutral
[12:35:39] Pulse Conviction: +0.2344 | ATR Mult: 0.50 | PnL: +0.00%
Order Executed: XAUUSD BUY at 4419.22
[12:35:41] Pulse Conviction: +1.0000 | ATR Mult: 0.50 | PnL: +0.00%
[12:35:44] Pulse Conviction: +1.0000 | ATR Mult: 0.50 | PnL: +0.00%
[12:35:46] Pulse Conviction: +1.0000 | ATR Mult: 0.50 | PnL: +0.01%
[12:35:48] Pulse Conviction: +1.0000 | ATR Mult: 0.50 | PnL: +0.01%
[12:35:50] Pulse Conviction: +1.0000 | ATR Mult: 0.50 | PnL: +0.01%
[12:35:52] Pulse Conviction: +1.0000 | ATR Mult: 0.50 | PnL: +0.01%
[12:35:54] Pulse Conviction: +1.0000 | ATR Mult: 0.50 | PnL: +0.02%
[12:35:56] Pulse Conviction: +1.0000 | ATR Mult: 0.50 | PnL: +0.02%
[12:35:58] Pulse Conviction: +1.0000 | ATR Mult: 0.50 | PnL: +0.02%
[12:36:00] Pulse Conviction: +1.0000 | ATR Mult: 0.50 | PnL: +0.02%
[12:36:03] Pulse Conviction: +1.0000 | ATR Mult: 0.50 | PnL: +0.03%
[12:36:05] Pulse Conviction: +1.0000 | ATR Mult: 0.50 | PnL: +0.03%
[12:36:07] Pulse Conviction: +1.0000 | ATR Mult: 0.50 | PnL: +0.03%
[12:36:09] Pulse Conviction: +1.0000 | ATR Mult: 0.50 | PnL: +0.03%
[12:36:11] Pulse Conviction: +1.0000 | ATR Mult: 0.50 | PnL: +0.03%
[12:36:13] Pulse Conviction: +1.0000 | ATR Mult: 0.50 | PnL: +0.04%
[12:36:15] Pulse Conviction: +1.0000 | ATR Mult: 0.50 | PnL: +0.04%
[12:36:17] Pulse Conviction: +1.0000 | ATR Mult: 0.50 | PnL: +0.04%
[12:36:20] Pulse Conviction: +1.0000 | ATR Mult: 0.50 | PnL: +0.04%
[12:36:22] Pulse Conviction: +1.0000 | ATR Mult: 0.50 | PnL: +0.04%
[12:36:24] Pulse Conviction: +1.0000 | ATR Mult: 0.50 | PnL: +0.03%
[12:36:26] Pulse Conviction: +1.0000 | ATR Mult: 0.50 | PnL: +0.03%
[12:36:28] Pulse Conviction: +1.0000 | ATR Mult: 0.50 | PnL: +0.03%
[12:36:30] Pulse Conviction: +1.0000 | ATR Mult: 0.50 | PnL: +0.03%
[12:36:32] Pulse Conviction: +1.0000 | ATR Mult: 0.50 | PnL: +0.02%
[12:36:34] Pulse Conviction: +1.0000 | ATR Mult: 0.50 | PnL: +0.03%
[12:36:36] Pulse Conviction: +1.0000 | ATR Mult: 0.50 | PnL: +0.02%
[12:36:38] Pulse Conviction: +1.0000 | ATR Mult: 0.50 | PnL: +0.03%
[12:36:40] Pulse Conviction: +1.0000 | ATR Mult: 0.50 | PnL: +0.03%
[12:36:42] Pulse Conviction: +1.0000 | ATR Mult: 0.50 | PnL: +0.04%
[12:36:45] Pulse Conviction: +1.0000 | ATR Mult: 0.50 | PnL: +0.04%
[12:36:47] Pulse Conviction: +1.0000 | ATR Mult: 0.50 | PnL: +0.04%
[12:36:49] Pulse Conviction: +1.0000 | ATR Mult: 0.50 | PnL: +0.04%
[12:36:51] Pulse Conviction: +1.0000 | ATR Mult: 0.50 | PnL: +0.04%
[12:36:53] Pulse Conviction: +1.0000 | ATR Mult: 0.50 | PnL: +0.04%
[12:36:55] Pulse Conviction: +1.0000 | ATR Mult: 0.50 | PnL: +0.04%
[12:36:57] Pulse Conviction: +1.0000 | ATR Mult: 0.50 | PnL: +0.04%
[12:36:59] Pulse Conviction: +1.0000 | ATR Mult: 0.50 | PnL: +0.05%
[12:37:01] Pulse Conviction: +1.0000 | ATR Mult: 0.50 | PnL: +0.05%
[12:37:03] Pulse Conviction: +1.0000 | ATR Mult: 0.50 | PnL: +0.05%
[12:37:05] Pulse Conviction: +1.0000 | ATR Mult: 0.50 | PnL: +0.05%
[12:37:08] Pulse Conviction: +1.0000 | ATR Mult: 0.50 | PnL: +0.05%
[12:37:10] Pulse Conviction: +1.0000 | ATR Mult: 0.50 | PnL: +0.05%
[12:37:12] Pulse Conviction: +1.0000 | ATR Mult: 0.50 | PnL: +0.04%
[12:37:14] Pulse Conviction: +1.0000 | ATR Mult: 0.50 | PnL: +0.06%
[12:37:16] Pulse Conviction: +1.0000 | ATR Mult: 0.50 | PnL: +0.06%
[12:37:18] Pulse Conviction: +1.0000 | ATR Mult: 0.50 | PnL: +0.05%
[12:37:20] Pulse Conviction: +1.0000 | ATR Mult: 0.50 | PnL: +0.05%
[12:37:22] Pulse Conviction: +1.0000 | ATR Mult: 0.50 | PnL: +0.05%
[12:37:24] Pulse Conviction: +1.0000 | ATR Mult: 0.50 | PnL: +0.05%
[12:37:26] Pulse Conviction: +1.0000 | ATR Mult: 0.50 | PnL: +0.05%
[12:37:28] Pulse Conviction: +1.0000 | ATR Mult: 0.50 | PnL: +0.05%
[12:37:30] Pulse Conviction: +1.0000 | ATR Mult: 0.50 | PnL: +0.05%
[12:37:33] Pulse Conviction: +1.0000 | ATR Mult: 0.50 | PnL: +0.05%
[12:37:35] Pulse Conviction: +1.0000 | ATR Mult: 0.50 | PnL: +0.05%
[12:37:37] Pulse Conviction: +1.0000 | ATR Mult: 0.50 | PnL: +0.05%
[12:37:39] Pulse Conviction: +1.0000 | ATR Mult: 0.50 | PnL: +0.05%
[12:37:41] Pulse Conviction: +1.0000 | ATR Mult: 0.50 | PnL: +0.05%
[12:37:43] Pulse Conviction: +1.0000 | ATR Mult: 0.50 | PnL: +0.05%
[12:37:45] Pulse Conviction: +1.0000 | ATR Mult: 0.50 | PnL: +0.06%
[12:37:47] Pulse Conviction: +1.0000 | ATR Mult: 0.50 | PnL: +0.06%
[12:37:49] Pulse Conviction: +1.0000 | ATR Mult: 0.50 | PnL: +0.06%
[12:37:51] Pulse Conviction: +1.0000 | ATR Mult: 0.50 | PnL: +0.05%
[12:37:53] Pulse Conviction: +1.0000 | ATR Mult: 0.50 | PnL: +0.06%
[12:37:56] Pulse Conviction: +1.0000 | ATR Mult: 0.50 | PnL: +0.05%
[12:37:58] Pulse Conviction: +1.0000 | ATR Mult: 0.50 | PnL: +0.05%
[12:38:00] Pulse Conviction: +1.0000 | ATR Mult: 0.50 | PnL: +0.05%
[12:38:02] Pulse Conviction: +1.0000 | ATR Mult: 0.50 | PnL: +0.05%
[12:38:04] Pulse Conviction: +1.0000 | ATR Mult: 0.50 | PnL: +0.04%
[12:38:06] Pulse Conviction: +1.0000 | ATR Mult: 0.50 | PnL: +0.04%
[12:38:08] Pulse Conviction: +1.0000 | ATR Mult: 0.50 | PnL: +0.05%
[12:38:10] Pulse Conviction: +1.0000 | ATR Mult: 0.50 | PnL: +0.04%
[12:38:12] Pulse Conviction: +1.0000 | ATR Mult: 0.50 | PnL: +0.04%
[12:38:14] Pulse Conviction: +1.0000 | ATR Mult: 0.50 | PnL: +0.04%
[12:38:16] Pulse Conviction: +1.0000 | ATR Mult: 0.50 | PnL: +0.04%
[12:38:18] Pulse Conviction: +1.0000 | ATR Mult: 0.50 | PnL: +0.04%
[12:38:21] Pulse Conviction: +1.0000 | ATR Mult: 0.50 | PnL: +0.05%
[12:38:23] Pulse Conviction: +1.0000 | ATR Mult: 0.50 | PnL: +0.05%
[12:38:25] Pulse Conviction: +1.0000 | ATR Mult: 0.50 | PnL: +0.05%
[12:38:27] Pulse Conviction: +1.0000 | ATR Mult: 0.50 | PnL: +0.05%
[12:38:29] Pulse Conviction: +1.0000 | ATR Mult: 0.50 | PnL: +0.05%
[12:38:31] Pulse Conviction: +1.0000 | ATR Mult: 0.50 | PnL: +0.05%
[12:38:33] Pulse Conviction: +1.0000 | ATR Mult: 0.50 | PnL: +0.04%
[12:38:35] Pulse Conviction: +1.0000 | ATR Mult: 0.50 | PnL: +0.04%
[12:38:37] Pulse Conviction: +1.0000 | ATR Mult: 0.50 | PnL: +0.04%
[12:38:39] Pulse Conviction: +1.0000 | ATR Mult: 0.50 | PnL: +0.05%
[12:38:41] Pulse Conviction: +1.0000 | ATR Mult: 0.50 | PnL: +0.04%
[12:38:43] Pulse Conviction: +1.0000 | ATR Mult: 0.50 | PnL: +0.04%
[12:38:46] Pulse Conviction: +1.0000 | ATR Mult: 0.50 | PnL: +0.04%
[12:38:48] Pulse Conviction: +1.0000 | ATR Mult: 0.50 | PnL: +0.04%
[12:38:50] Pulse Conviction: +1.0000 | ATR Mult: 0.50 | PnL: +0.04%
[12:38:52] Pulse Conviction: +1.0000 | ATR Mult: 0.50 | PnL: +0.04%
[12:38:54] Pulse Conviction: +1.0000 | ATR Mult: 0.50 | PnL: +0.04%
[12:38:56] Pulse Conviction: +1.0000 | ATR Mult: 0.50 | PnL: +0.04%
[12:38:58] Pulse Conviction: +1.0000 | ATR Mult: 0.50 | PnL: +0.03%
[12:39:00] Pulse Conviction: +1.0000 | ATR Mult: 0.50 | PnL: +0.04%
[12:39:03] Pulse Conviction: +1.0000 | ATR Mult: 0.50 | PnL: +0.04%
[12:39:05] Pulse Conviction: +1.0000 | ATR Mult: 0.50 | PnL: +0.04%
[12:39:07] Pulse Conviction: +1.0000 | ATR Mult: 0.50 | PnL: +0.04%
[12:39:09] Pulse Conviction: +1.0000 | ATR Mult: 0.50 | PnL: +0.05%
[12:39:11] Pulse Conviction: +1.0000 | ATR Mult: 0.50 | PnL: +0.05%
[12:39:13] Pulse Conviction: +1.0000 | ATR Mult: 0.50 | PnL: +0.06%
[12:39:15] Pulse Conviction: +1.0000 | ATR Mult: 0.50 | PnL: +0.06%
[12:39:17] Pulse Conviction: +1.0000 | ATR Mult: 0.50 | PnL: +0.06%
[12:39:19] Pulse Conviction: +1.0000 | ATR Mult: 0.50 | PnL: +0.07%
[12:39:22] Pulse Conviction: +1.0000 | ATR Mult: 0.50 | PnL: +0.07%
[12:39:24] Pulse Conviction: +1.0000 | ATR Mult: 0.50 | PnL: +0.07%
[12:39:26] Pulse Conviction: +1.0000 | ATR Mult: 0.50 | PnL: +0.06%
[12:39:28] Pulse Conviction: +1.0000 | ATR Mult: 0.50 | PnL: +0.06%
[12:39:30] Pulse Conviction: +1.0000 | ATR Mult: 0.50 | PnL: +0.05%
[12:39:32] Pulse Conviction: +1.0000 | ATR Mult: 0.50 | PnL: +0.05%
[12:39:34] Pulse Conviction: +1.0000 | ATR Mult: 0.50 | PnL: +0.05%
[12:39:36] Pulse Conviction: +1.0000 | ATR Mult: 0.50 | PnL: +0.04%
[12:39:38] Pulse Conviction: +1.0000 | ATR Mult: 0.50 | PnL: +0.04%
[12:39:40] Pulse Conviction: +1.0000 | ATR Mult: 0.50 | PnL: +0.04%
[12:39:42] Pulse Conviction: +1.0000 | ATR Mult: 0.50 | PnL: +0.04%
[12:39:44] Pulse Conviction: +1.0000 | ATR Mult: 0.50 | PnL: +0.04%
[12:39:47] Pulse Conviction: +1.0000 | ATR Mult: 0.50 | PnL: +0.05%
[12:39:49] Pulse Conviction: +1.0000 | ATR Mult: 0.50 | PnL: +0.04%
[12:39:51] Pulse Conviction: +1.0000 | ATR Mult: 0.50 | PnL: +0.04%
[12:39:53] Pulse Conviction: +1.0000 | ATR Mult: 0.50 | PnL: +0.04%
[12:39:55] Pulse Conviction: +1.0000 | ATR Mult: 0.50 | PnL: +0.05%
[12:39:57] Pulse Conviction: +1.0000 | ATR Mult: 0.50 | PnL: +0.05%
[12:40:01] Pulse Conviction: +1.0000 | ATR Mult: 0.50 | PnL: +0.05%
[12:40:03] Pulse Conviction: +1.0000 | ATR Mult: 0.50 | PnL: +0.05%
[12:40:05] Pulse Conviction: +1.0000 | ATR Mult: 0.50 | PnL: +0.06%
[12:40:07] Pulse Conviction: +1.0000 | ATR Mult: 0.50 | PnL: +0.06%
[12:40:09] Pulse Conviction: +1.0000 | ATR Mult: 0.50 | PnL: +0.05%
[12:40:11] Pulse Conviction: +1.0000 | ATR Mult: 0.50 | PnL: +0.05%
[12:40:13] Pulse Conviction: +1.0000 | ATR Mult: 0.50 | PnL: +0.05%
[12:40:15] Pulse Conviction: +1.0000 | ATR Mult: 0.50 | PnL: +0.05%
[12:40:17] Pulse Conviction: +1.0000 | ATR Mult: 0.50 | PnL: +0.05%
[12:40:19] Pulse Conviction: +1.0000 | ATR Mult: 0.50 | PnL: +0.05%
[12:40:22] Pulse Conviction: +1.0000 | ATR Mult: 0.50 | PnL: +0.06%
[12:40:24] Pulse Conviction: +1.0000 | ATR Mult: 0.50 | PnL: +0.05%
[12:40:26] Pulse Conviction: +1.0000 | ATR Mult: 0.50 | PnL: +0.05%
[12:40:28] Pulse Conviction: +1.0000 | ATR Mult: 0.50 | PnL: +0.05%
[12:40:30] Pulse Conviction: +1.0000 | ATR Mult: 0.50 | PnL: +0.06%
[12:40:32] Pulse Conviction: +1.0000 | ATR Mult: 0.50 | PnL: +0.05%
[12:40:34] Pulse Conviction: +1.0000 | ATR Mult: 0.50 | PnL: +0.06%
[12:40:36] Pulse Conviction: +1.0000 | ATR Mult: 0.50 | PnL: +0.06%
[12:40:38] Pulse Conviction: +1.0000 | ATR Mult: 0.50 | PnL: +0.07%
[12:40:40] Pulse Conviction: +1.0000 | ATR Mult: 0.50 | PnL: +0.07%
[12:40:42] Pulse Conviction: +1.0000 | ATR Mult: 0.50 | PnL: +0.06%
[12:40:44] Pulse Conviction: +1.0000 | ATR Mult: 0.50 | PnL: +0.05%
[12:40:46] Pulse Conviction: +1.0000 | ATR Mult: 0.50 | PnL: +0.05%
[12:40:49] Pulse Conviction: +1.0000 | ATR Mult: 0.50 | PnL: +0.06%
[12:40:51] Pulse Conviction: +1.0000 | ATR Mult: 0.50 | PnL: +0.06%
[12:40:53] Pulse Conviction: +1.0000 | ATR Mult: 0.50 | PnL: +0.06%
[12:40:55] Pulse Conviction: +1.0000 | ATR Mult: 0.50 | PnL: +0.06%
[12:40:57] Pulse Conviction: +1.0000 | ATR Mult: 0.50 | PnL: +0.08%
[12:40:59] Pulse Conviction: +1.0000 | ATR Mult: 0.50 | PnL: +0.08%
[12:41:01] Pulse Conviction: +1.0000 | ATR Mult: 0.50 | PnL: +0.07%
[12:41:03] Pulse Conviction: +1.0000 | ATR Mult: 0.50 | PnL: +0.07%
[12:41:05] Pulse Conviction: +1.0000 | ATR Mult: 0.50 | PnL: +0.07%
[12:41:07] Pulse Conviction: +1.0000 | ATR Mult: 0.50 | PnL: +0.07%
[12:41:09] Pulse Conviction: +1.0000 | ATR Mult: 0.50 | PnL: +0.04%
[12:41:12] Pulse Conviction: +1.0000 | ATR Mult: 0.50 | PnL: +0.04%
[12:41:14] Pulse Conviction: +1.0000 | ATR Mult: 0.50 | PnL: +0.05%
[12:41:16] Pulse Conviction: +1.0000 | ATR Mult: 0.50 | PnL: +0.05%
[12:41:18] Pulse Conviction: +1.0000 | ATR Mult: 0.50 | PnL: +0.05%
[12:41:20] Pulse Conviction: +1.0000 | ATR Mult: 0.50 | PnL: +0.05%
[12:41:22] Pulse Conviction: +1.0000 | ATR Mult: 0.50 | PnL: +0.05%
[12:41:24] Pulse Conviction: +1.0000 | ATR Mult: 0.50 | PnL: +0.05%
[12:41:26] Pulse Conviction: +1.0000 | ATR Mult: 0.50 | PnL: +0.05%
[12:41:29] Pulse Conviction: +1.0000 | ATR Mult: 0.50 | PnL: +0.05%
[12:41:31] Pulse Conviction: +1.0000 | ATR Mult: 0.50 | PnL: +0.05%
[12:41:33] Pulse Conviction: +1.0000 | ATR Mult: 0.50 | PnL: +0.05%
[12:41:35] Pulse Conviction: +1.0000 | ATR Mult: 0.50 | PnL: +0.05%
[12:41:37] Pulse Conviction: +1.0000 | ATR Mult: 0.50 | PnL: +0.05%
[12:41:39] Pulse Conviction: +1.0000 | ATR Mult: 0.50 | PnL: +0.06%
[12:41:41] Pulse Conviction: +1.0000 | ATR Mult: 0.50 | PnL: +0.06%
[12:41:43] Pulse Conviction: +1.0000 | ATR Mult: 0.50 | PnL: +0.06%
[12:41:45] Pulse Conviction: +1.0000 | ATR Mult: 0.50 | PnL: +0.06%
[12:41:48] Pulse Conviction: +1.0000 | ATR Mult: 0.50 | PnL: +0.06%
[12:41:50] Pulse Conviction: +1.0000 | ATR Mult: 0.50 | PnL: +0.05%
[12:41:52] Pulse Conviction: +1.0000 | ATR Mult: 0.50 | PnL: +0.05%
[12:41:55] Pulse Conviction: +1.0000 | ATR Mult: 0.50 | PnL: +0.05%
[12:41:57] Pulse Conviction: +1.0000 | ATR Mult: 0.50 | PnL: +0.05%
[12:41:59] Pulse Conviction: +1.0000 | ATR Mult: 0.50 | PnL: +0.05%
[12:42:01] Pulse Conviction: +1.0000 | ATR Mult: 0.50 | PnL: +0.05%
[12:42:04] Pulse Conviction: +1.0000 | ATR Mult: 0.50 | PnL: +0.06%
[12:42:07] Pulse Conviction: +1.0000 | ATR Mult: 0.50 | PnL: +0.05%
[12:42:11] Pulse Conviction: +1.0000 | ATR Mult: 0.50 | PnL: +0.05%
[12:42:13] Pulse Conviction: +1.0000 | ATR Mult: 0.50 | PnL: +0.04%
[12:42:16] Pulse Conviction: +1.0000 | ATR Mult: 0.50 | PnL: +0.04%
[12:42:18] Pulse Conviction: +1.0000 | ATR Mult: 0.50 | PnL: +0.05%
[12:42:20] Pulse Conviction: +1.0000 | ATR Mult: 0.50 | PnL: +0.00%
Order Executed: XAUUSD BUY at 4421.73
[12:42:23] Pulse Conviction: +1.0000 | ATR Mult: 0.50 | PnL: -0.00%
[12:42:25] Pulse Conviction: +1.0000 | ATR Mult: 0.50 | PnL: -0.00%
[12:42:27] Pulse Conviction: +1.0000 | ATR Mult: 0.50 | PnL: +0.01%
[12:42:29] Pulse Conviction: +1.0000 | ATR Mult: 0.50 | PnL: +0.01%
[12:42:31] Pulse Conviction: +1.0000 | ATR Mult: 0.50 | PnL: +0.01%
[12:42:34] Pulse Conviction: +1.0000 | ATR Mult: 0.50 | PnL: +0.01%
[12:42:36] Pulse Conviction: +1.0000 | ATR Mult: 0.50 | PnL: +0.01%
[12:42:39] Pulse Conviction: +1.0000 | ATR Mult: 0.50 | PnL: +0.02%
[12:42:41] Pulse Conviction: +1.0000 | ATR Mult: 0.50 | PnL: +0.02%
[12:42:43] Pulse Conviction: +1.0000 | ATR Mult: 0.50 | PnL: +0.03%
[12:42:46] Pulse Conviction: +1.0000 | ATR Mult: 0.50 | PnL: +0.03%
[12:42:48] Pulse Conviction: +1.0000 | ATR Mult: 0.50 | PnL: +0.03%
[12:42:51] Pulse Conviction: +1.0000 | ATR Mult: 0.50 | PnL: +0.03%
[12:42:54] Pulse Conviction: +1.0000 | ATR Mult: 0.50 | PnL: +0.04%
[12:42:56] Pulse Conviction: +1.0000 | ATR Mult: 0.50 | PnL: +0.03%
[12:42:59] Pulse Conviction: +1.0000 | ATR Mult: 0.50 | PnL: +0.03%
[12:43:01] Pulse Conviction: +1.0000 | ATR Mult: 0.50 | PnL: +0.03%
[12:43:03] Pulse Conviction: +1.0000 | ATR Mult: 0.50 | PnL: +0.03%
[12:43:06] Pulse Conviction: +1.0000 | ATR Mult: 0.50 | PnL: +0.03%
[12:43:08] Pulse Conviction: +1.0000 | ATR Mult: 0.50 | PnL: +0.03%
[12:43:10] Pulse Conviction: +1.0000 | ATR Mult: 0.50 | PnL: +0.04%
[12:43:14] Pulse Conviction: +1.0000 | ATR Mult: 0.50 | PnL: +0.05%
[12:43:16] Pulse Conviction: +1.0000 | ATR Mult: 0.50 | PnL: +0.05%
[12:43:18] Pulse Conviction: +1.0000 | ATR Mult: 0.50 | PnL: +0.05%
[12:43:21] Pulse Conviction: +1.0000 | ATR Mult: 0.50 | PnL: +0.00%
Order Executed: XAUUSD BUY at 4424.32
[12:43:23] Pulse Conviction: +1.0000 | ATR Mult: 0.50 | PnL: -0.00%
[12:43:26] Pulse Conviction: +1.0000 | ATR Mult: 0.50 | PnL: -0.00%
[12:43:28] Pulse Conviction: +1.0000 | ATR Mult: 0.50 | PnL: -0.00%
[12:43:30] Pulse Conviction: +1.0000 | ATR Mult: 0.50 | PnL: +0.00%
[12:43:32] Pulse Conviction: +1.0000 | ATR Mult: 0.50 | PnL: -0.00%
[12:43:34] Pulse Conviction: +1.0000 | ATR Mult: 0.50 | PnL: +0.00%
[12:43:37] Pulse Conviction: +1.0000 | ATR Mult: 0.50 | PnL: -0.00%
[12:43:39] Pulse Conviction: +1.0000 | ATR Mult: 0.50 | PnL: -0.00%
[12:43:41] Pulse Conviction: +1.0000 | ATR Mult: 0.50 | PnL: -0.00%
[12:43:43] Pulse Conviction: +1.0000 | ATR Mult: 0.50 | PnL: -0.00%
[12:43:45] Pulse Conviction: +1.0000 | ATR Mult: 0.50 | PnL: -0.00%
[12:43:47] Pulse Conviction: +1.0000 | ATR Mult: 0.50 | PnL: -0.01%
[12:43:50] Pulse Conviction: +1.0000 | ATR Mult: 0.50 | PnL: -0.01%
[12:43:52] Pulse Conviction: +1.0000 | ATR Mult: 0.50 | PnL: -0.02%
[12:43:55] Pulse Conviction: +1.0000 | ATR Mult: 0.50 | PnL: -0.02%
[12:43:58] Pulse Conviction: +1.0000 | ATR Mult: 0.50 | PnL: -0.02%
[12:44:01] Pulse Conviction: +1.0000 | ATR Mult: 0.50 | PnL: -0.01%
[12:44:03] Pulse Conviction: +1.0000 | ATR Mult: 0.50 | PnL: -0.00%
[12:44:05] Pulse Conviction: +1.0000 | ATR Mult: 0.50 | PnL: -0.01%
[12:44:08] Pulse Conviction: +1.0000 | ATR Mult: 0.50 | PnL: -0.01%
[12:44:10] Pulse Conviction: +1.0000 | ATR Mult: 0.50 | PnL: -0.01%
[12:44:12] Pulse Conviction: +1.0000 | ATR Mult: 0.50 | PnL: -0.01%
[12:44:14] Pulse Conviction: +1.0000 | ATR Mult: 0.50 | PnL: -0.01%
[12:44:16] Pulse Conviction: +1.0000 | ATR Mult: 0.50 | PnL: -0.01%
[12:44:18] Pulse Conviction: +1.0000 | ATR Mult: 0.50 | PnL: -0.01%
[12:44:20] Pulse Conviction: +1.0000 | ATR Mult: 0.50 | PnL: -0.01%
[12:44:22] Pulse Conviction: +1.0000 | ATR Mult: 0.50 | PnL: -0.01%
[12:44:24] Pulse Conviction: +1.0000 | ATR Mult: 0.50 | PnL: -0.01%
[12:44:27] Pulse Conviction: +1.0000 | ATR Mult: 0.50 | PnL: -0.01%
[12:44:29] Pulse Conviction: +1.0000 | ATR Mult: 0.50 | PnL: -0.01%
[12:44:31] Pulse Conviction: +1.0000 | ATR Mult: 0.50 | PnL: -0.01%
[12:44:33] Pulse Conviction: +1.0000 | ATR Mult: 0.50 | PnL: -0.01%
[12:44:35] Pulse Conviction: +1.0000 | ATR Mult: 0.50 | PnL: -0.01%
[12:44:37] Pulse Conviction: +1.0000 | ATR Mult: 0.50 | PnL: -0.01%
[12:44:39] Pulse Conviction: +1.0000 | ATR Mult: 0.50 | PnL: -0.01%
[12:44:42] Pulse Conviction: +1.0000 | ATR Mult: 0.50 | PnL: -0.01%
[12:44:44] Pulse Conviction: +1.0000 | ATR Mult: 0.50 | PnL: -0.01%
[12:44:46] Pulse Conviction: +1.0000 | ATR Mult: 0.50 | PnL: -0.01%
[12:44:48] Pulse Conviction: +1.0000 | ATR Mult: 0.50 | PnL: -0.01%
[12:44:50] Pulse Conviction: +1.0000 | ATR Mult: 0.50 | PnL: -0.01%
[12:44:52] Pulse Conviction: +1.0000 | ATR Mult: 0.50 | PnL: -0.01%
[12:44:54] Pulse Conviction: +1.0000 | ATR Mult: 0.50 | PnL: -0.01%
[12:44:56] Pulse Conviction: +1.0000 | ATR Mult: 0.50 | PnL: -0.01%
[12:44:58] Pulse Conviction: +1.0000 | ATR Mult: 0.50 | PnL: -0.01%
[12:45:00] Pulse Conviction: +1.0000 | ATR Mult: 0.50 | PnL: -0.01%
[12:45:03] Pulse Conviction: +1.0000 | ATR Mult: 0.50 | PnL: -0.02%
[12:45:05] Pulse Conviction: +1.0000 | ATR Mult: 0.50 | PnL: -0.02%
[12:45:07] Pulse Conviction: +1.0000 | ATR Mult: 0.50 | PnL: -0.02%
[12:45:09] Pulse Conviction: +1.0000 | ATR Mult: 0.50 | PnL: +0.00%
Order Executed: XAUUSD BUY at 4423.41
[12:45:11] Pulse Conviction: +1.0000 | ATR Mult: 0.50 | PnL: -0.00%
[12:45:13] Pulse Conviction: +1.0000 | ATR Mult: 0.50 | PnL: -0.00%
[12:45:15] Pulse Conviction: +1.0000 | ATR Mult: 0.50 | PnL: -0.01%
[12:45:17] Pulse Conviction: +1.0000 | ATR Mult: 0.50 | PnL: -0.01%
[12:45:20] Pulse Conviction: +1.0000 | ATR Mult: 0.50 | PnL: -0.01%
[12:45:22] Pulse Conviction: +1.0000 | ATR Mult: 0.50 | PnL: -0.01%
[12:45:24] Pulse Conviction: +1.0000 | ATR Mult: 0.50 | PnL: +0.01%
[12:45:26] Pulse Conviction: +1.0000 | ATR Mult: 0.50 | PnL: +0.01%
[12:45:28] Pulse Conviction: +1.0000 | ATR Mult: 0.50 | PnL: +0.00%
[12:45:30] Pulse Conviction: +1.0000 | ATR Mult: 0.50 | PnL: +0.01%
[12:45:32] Pulse Conviction: +1.0000 | ATR Mult: 0.50 | PnL: +0.01%
[12:45:34] Pulse Conviction: +1.0000 | ATR Mult: 0.50 | PnL: +0.01%
[12:45:36] Pulse Conviction: +1.0000 | ATR Mult: 0.50 | PnL: +0.01%
[12:45:38] Pulse Conviction: +1.0000 | ATR Mult: 0.50 | PnL: +0.01%
[12:45:40] Pulse Conviction: +1.0000 | ATR Mult: 0.50 | PnL: +0.00%
[12:45:43] Pulse Conviction: +1.0000 | ATR Mult: 0.50 | PnL: +0.01%
[12:45:45] Pulse Conviction: +1.0000 | ATR Mult: 0.50 | PnL: +0.00%
[12:45:47] Pulse Conviction: +1.0000 | ATR Mult: 0.50 | PnL: +0.01%
[12:45:49] Pulse Conviction: +1.0000 | ATR Mult: 0.50 | PnL: +0.01%
[12:45:51] Pulse Conviction: +1.0000 | ATR Mult: 0.50 | PnL: +0.01%
[12:45:53] Pulse Conviction: +1.0000 | ATR Mult: 0.50 | PnL: +0.01%
[12:45:55] Pulse Conviction: +1.0000 | ATR Mult: 0.50 | PnL: +0.01%
[12:45:57] Pulse Conviction: +1.0000 | ATR Mult: 0.50 | PnL: +0.01%
[12:45:59] Pulse Conviction: +1.0000 | ATR Mult: 0.50 | PnL: +0.01%
[12:46:01] Pulse Conviction: +1.0000 | ATR Mult: 0.50 | PnL: +0.01%
[12:46:03] Pulse Conviction: +1.0000 | ATR Mult: 0.50 | PnL: +0.01%
[12:46:05] Pulse Conviction: +1.0000 | ATR Mult: 0.50 | PnL: +0.01%
[12:46:08] Pulse Conviction: +1.0000 | ATR Mult: 0.50 | PnL: +0.01%
[12:46:10] Pulse Conviction: +1.0000 | ATR Mult: 0.50 | PnL: +0.01%
[12:46:12] Pulse Conviction: +1.0000 | ATR Mult: 0.50 | PnL: +0.02%
[12:46:14] Pulse Conviction: +1.0000 | ATR Mult: 0.50 | PnL: +0.02%
[12:46:16] Pulse Conviction: +1.0000 | ATR Mult: 0.50 | PnL: +0.01%
[12:46:18] Pulse Conviction: +1.0000 | ATR Mult: 0.50 | PnL: +0.02%
[12:46:20] Pulse Conviction: +1.0000 | ATR Mult: 0.50 | PnL: +0.02%
[12:46:22] Pulse Conviction: +1.0000 | ATR Mult: 0.50 | PnL: +0.01%
[12:46:24] Pulse Conviction: +1.0000 | ATR Mult: 0.50 | PnL: +0.01%
[12:46:26] Pulse Conviction: +1.0000 | ATR Mult: 0.50 | PnL: +0.01%
[12:46:28] Pulse Conviction: +1.0000 | ATR Mult: 0.50 | PnL: +0.01%
[12:46:31] Pulse Conviction: +1.0000 | ATR Mult: 0.50 | PnL: +0.02%
[12:46:33] Pulse Conviction: +1.0000 | ATR Mult: 0.50 | PnL: +0.02%
[12:46:35] Pulse Conviction: +1.0000 | ATR Mult: 0.50 | PnL: +0.01%
[12:46:37] Pulse Conviction: +1.0000 | ATR Mult: 0.50 | PnL: +0.02%
[12:46:39] Pulse Conviction: +1.0000 | ATR Mult: 0.50 | PnL: +0.02%
[12:46:41] Pulse Conviction: +1.0000 | ATR Mult: 0.50 | PnL: +0.01%
[12:46:43] Pulse Conviction: +1.0000 | ATR Mult: 0.50 | PnL: +0.01%
[12:46:45] Pulse Conviction: +1.0000 | ATR Mult: 0.50 | PnL: +0.01%
[12:46:47] Pulse Conviction: +1.0000 | ATR Mult: 0.50 | PnL: +0.01%
[12:46:49] Pulse Conviction: +1.0000 | ATR Mult: 0.50 | PnL: +0.00%
[12:46:51] Pulse Conviction: +1.0000 | ATR Mult: 0.50 | PnL: -0.00%
[12:46:53] Pulse Conviction: +1.0000 | ATR Mult: 0.50 | PnL: -0.00%
[12:46:56] Pulse Conviction: +1.0000 | ATR Mult: 0.50 | PnL: +0.01%
[12:46:58] Pulse Conviction: +1.0000 | ATR Mult: 0.50 | PnL: +0.00%
[12:47:00] Pulse Conviction: +1.0000 | ATR Mult: 0.50 | PnL: +0.00%
[12:47:02] Pulse Conviction: +1.0000 | ATR Mult: 0.50 | PnL: +0.00%
[12:47:04] Pulse Conviction: +1.0000 | ATR Mult: 0.50 | PnL: -0.01%
[12:47:06] Pulse Conviction: +1.0000 | ATR Mult: 0.50 | PnL: -0.00%
[12:47:08] Pulse Conviction: +1.0000 | ATR Mult: 0.50 | PnL: -0.00%
[12:47:10] Pulse Conviction: +1.0000 | ATR Mult: 0.50 | PnL: -0.01%
[12:47:12] Pulse Conviction: +1.0000 | ATR Mult: 0.50 | PnL: +0.00%
Order Executed: XAUUSD BUY at 4422.57
[12:47:15] Pulse Conviction: +1.0000 | ATR Mult: 0.50 | PnL: -0.00%
[12:47:17] Pulse Conviction: +1.0000 | ATR Mult: 0.50 | PnL: +0.00%
[12:47:19] Pulse Conviction: +1.0000 | ATR Mult: 0.50 | PnL: +0.00%
[12:47:21] Pulse Conviction: +1.0000 | ATR Mult: 0.50 | PnL: +0.00%
[12:47:23] Pulse Conviction: +1.0000 | ATR Mult: 0.50 | PnL: -0.00%
[12:47:25] Pulse Conviction: +1.0000 | ATR Mult: 0.50 | PnL: -0.00%
[12:47:27] Pulse Conviction: +1.0000 | ATR Mult: 0.50 | PnL: -0.00%
[12:47:29] Pulse Conviction: +1.0000 | ATR Mult: 0.50 | PnL: -0.00%
[12:47:31] Pulse Conviction: +1.0000 | ATR Mult: 0.50 | PnL: -0.00%
[12:47:34] Pulse Conviction: +1.0000 | ATR Mult: 0.50 | PnL: +0.00%
[12:47:36] Pulse Conviction: +1.0000 | ATR Mult: 0.50 | PnL: +0.00%
[12:47:38] Pulse Conviction: +1.0000 | ATR Mult: 0.50 | PnL: +0.01%
[12:47:40] Pulse Conviction: +1.0000 | ATR Mult: 0.50 | PnL: +0.01%
[12:47:42] Pulse Conviction: +1.0000 | ATR Mult: 0.50 | PnL: +0.01%
[12:47:44] Pulse Conviction: +1.0000 | ATR Mult: 0.50 | PnL: +0.01%
[12:47:46] Pulse Conviction: +1.0000 | ATR Mult: 0.50 | PnL: +0.01%
[12:47:48] Pulse Conviction: +1.0000 | ATR Mult: 0.50 | PnL: +0.01%
[12:47:50] Pulse Conviction: +1.0000 | ATR Mult: 0.50 | PnL: +0.01%
[12:47:52] Pulse Conviction: +1.0000 | ATR Mult: 0.50 | PnL: +0.02%
[12:47:54] Pulse Conviction: +1.0000 | ATR Mult: 0.50 | PnL: +0.01%
[12:47:56] Pulse Conviction: +1.0000 | ATR Mult: 0.50 | PnL: +0.01%
[12:47:58] Pulse Conviction: +1.0000 | ATR Mult: 0.50 | PnL: +0.01%
[12:48:00] Pulse Conviction: +1.0000 | ATR Mult: 0.50 | PnL: +0.01%
[12:48:03] Pulse Conviction: +1.0000 | ATR Mult: 0.50 | PnL: +0.01%
[12:48:05] Pulse Conviction: +1.0000 | ATR Mult: 0.50 | PnL: +0.01%
[12:48:07] Pulse Conviction: +1.0000 | ATR Mult: 0.50 | PnL: +0.01%
[12:48:09] Pulse Conviction: +1.0000 | ATR Mult: 0.50 | PnL: +0.01%
[12:48:11] Pulse Conviction: +1.0000 | ATR Mult: 0.50 | PnL: +0.01%
[12:48:13] Pulse Conviction: +1.0000 | ATR Mult: 0.50 | PnL: +0.01%
[12:48:15] Pulse Conviction: +1.0000 | ATR Mult: 0.50 | PnL: +0.01%
[12:48:17] Pulse Conviction: +1.0000 | ATR Mult: 0.50 | PnL: +0.01%
[12:48:19] Pulse Conviction: +1.0000 | ATR Mult: 0.50 | PnL: +0.01%
[12:48:21] Pulse Conviction: +1.0000 | ATR Mult: 0.50 | PnL: +0.01%
[12:48:24] Pulse Conviction: +1.0000 | ATR Mult: 0.50 | PnL: +0.01%
[12:48:26] Pulse Conviction: +1.0000 | ATR Mult: 0.50 | PnL: +0.01%
[12:48:28] Pulse Conviction: +1.0000 | ATR Mult: 0.50 | PnL: +0.01%
[12:48:30] Pulse Conviction: +1.0000 | ATR Mult: 0.50 | PnL: +0.01%
[12:48:32] Pulse Conviction: +1.0000 | ATR Mult: 0.50 | PnL: +0.01%
[12:48:34] Pulse Conviction: +1.0000 | ATR Mult: 0.50 | PnL: +0.02%
[12:48:36] Pulse Conviction: +1.0000 | ATR Mult: 0.50 | PnL: +0.02%
[12:48:39] Pulse Conviction: +1.0000 | ATR Mult: 0.50 | PnL: +0.02%
[12:48:41] Pulse Conviction: +1.0000 | ATR Mult: 0.50 | PnL: +0.02%
[12:48:43] Pulse Conviction: +1.0000 | ATR Mult: 0.50 | PnL: +0.02%
[12:48:45] Pulse Conviction: +1.0000 | ATR Mult: 0.50 | PnL: +0.02%
[12:48:47] Pulse Conviction: +1.0000 | ATR Mult: 0.50 | PnL: +0.02%
[12:48:50] Pulse Conviction: +1.0000 | ATR Mult: 0.50 | PnL: +0.02%
[12:48:52] Pulse Conviction: +1.0000 | ATR Mult: 0.50 | PnL: +0.02%
[12:48:54] Pulse Conviction: +1.0000 | ATR Mult: 0.50 | PnL: +0.02%
[12:48:56] Pulse Conviction: +1.0000 | ATR Mult: 0.50 | PnL: +0.02%
[12:48:58] Pulse Conviction: +1.0000 | ATR Mult: 0.50 | PnL: +0.02%
[12:49:00] Pulse Conviction: +1.0000 | ATR Mult: 0.50 | PnL: +0.01%
[12:49:02] Pulse Conviction: +1.0000 | ATR Mult: 0.50 | PnL: +0.02%
[12:49:05] Pulse Conviction: +1.0000 | ATR Mult: 0.50 | PnL: +0.02%
[12:49:07] Pulse Conviction: +1.0000 | ATR Mult: 0.50 | PnL: +0.02%
[12:49:09] Pulse Conviction: +1.0000 | ATR Mult: 0.50 | PnL: +0.01%
[12:49:11] Pulse Conviction: +1.0000 | ATR Mult: 0.50 | PnL: +0.01%
[12:49:14] Pulse Conviction: +1.0000 | ATR Mult: 0.50 | PnL: +0.02%
[12:49:16] Pulse Conviction: +1.0000 | ATR Mult: 0.50 | PnL: +0.02%
[12:49:18] Pulse Conviction: +1.0000 | ATR Mult: 0.50 | PnL: +0.02%
[12:49:20] Pulse Conviction: +1.0000 | ATR Mult: 0.50 | PnL: +0.03%
[12:49:22] Pulse Conviction: +1.0000 | ATR Mult: 0.50 | PnL: +0.03%
[12:49:25] Pulse Conviction: +1.0000 | ATR Mult: 0.50 | PnL: +0.03%
[12:49:27] Pulse Conviction: +1.0000 | ATR Mult: 0.50 | PnL: +0.03%
[12:49:29] Pulse Conviction: +1.0000 | ATR Mult: 0.50 | PnL: +0.04%
[12:49:32] Pulse Conviction: +1.0000 | ATR Mult: 0.50 | PnL: +0.00%
Order Executed: XAUUSD BUY at 4424.56
[12:49:34] Pulse Conviction: +1.0000 | ATR Mult: 0.50 | PnL: -0.00%
[12:49:36] Pulse Conviction: +1.0000 | ATR Mult: 0.50 | PnL: -0.00%
[12:49:39] Pulse Conviction: +1.0000 | ATR Mult: 0.50 | PnL: +0.01%
[12:49:41] Pulse Conviction: +1.0000 | ATR Mult: 0.50 | PnL: +0.01%
[12:49:43] Pulse Conviction: +1.0000 | ATR Mult: 0.50 | PnL: +0.01%
[12:49:45] Pulse Conviction: +1.0000 | ATR Mult: 0.50 | PnL: +0.02%
[12:49:48] Pulse Conviction: +1.0000 | ATR Mult: 0.50 | PnL: +0.02%
[12:49:50] Pulse Conviction: +1.0000 | ATR Mult: 0.50 | PnL: +0.02%
[12:49:53] Pulse Conviction: +1.0000 | ATR Mult: 0.50 | PnL: +0.03%
[12:49:55] Pulse Conviction: +1.0000 | ATR Mult: 0.50 | PnL: +0.03%
[12:49:57] Pulse Conviction: +1.0000 | ATR Mult: 0.50 | PnL: +0.03%
[12:50:00] Pulse Conviction: +1.0000 | ATR Mult: 0.50 | PnL: +0.03%
[12:50:02] Pulse Conviction: +1.0000 | ATR Mult: 0.50 | PnL: +0.03%
[12:50:05] Pulse Conviction: +1.0000 | ATR Mult: 0.50 | PnL: +0.03%
[12:50:07] Pulse Conviction: +1.0000 | ATR Mult: 0.50 | PnL: +0.03%
[12:50:10] Pulse Conviction: +1.0000 | ATR Mult: 0.50 | PnL: +0.03%
[12:50:12] Pulse Conviction: +1.0000 | ATR Mult: 0.50 | PnL: +0.03%
[12:50:14] Pulse Conviction: +1.0000 | ATR Mult: 0.50 | PnL: +0.03%
[12:50:17] Pulse Conviction: +1.0000 | ATR Mult: 0.50 | PnL: +0.02%
[12:50:19] Pulse Conviction: +1.0000 | ATR Mult: 0.50 | PnL: +0.02%
[12:50:21] Pulse Conviction: +1.0000 | ATR Mult: 0.50 | PnL: +0.02%
[12:50:23] Pulse Conviction: +1.0000 | ATR Mult: 0.50 | PnL: +0.03%
[12:50:25] Pulse Conviction: +1.0000 | ATR Mult: 0.50 | PnL: +0.03%
[12:50:27] Pulse Conviction: +1.0000 | ATR Mult: 0.50 | PnL: +0.03%
[12:50:30] Pulse Conviction: +1.0000 | ATR Mult: 0.50 | PnL: +0.03%
[12:50:32] Pulse Conviction: +1.0000 | ATR Mult: 0.50 | PnL: +0.03%
[12:50:34] Pulse Conviction: +1.0000 | ATR Mult: 0.50 | PnL: +0.03%
[12:50:36] Pulse Conviction: +1.0000 | ATR Mult: 0.50 | PnL: +0.03%
[12:50:38] Pulse Conviction: +1.0000 | ATR Mult: 0.50 | PnL: +0.03%
[12:50:40] Pulse Conviction: +1.0000 | ATR Mult: 0.50 | PnL: +0.03%
[12:50:42] Pulse Conviction: +1.0000 | ATR Mult: 0.50 | PnL: +0.03%
[12:50:44] Pulse Conviction: +1.0000 | ATR Mult: 0.50 | PnL: +0.03%
[12:50:46] Pulse Conviction: +1.0000 | ATR Mult: 0.50 | PnL: +0.01%
[12:50:48] Pulse Conviction: +1.0000 | ATR Mult: 0.50 | PnL: +0.02%
[12:50:50] Pulse Conviction: +1.0000 | ATR Mult: 0.50 | PnL: +0.02%
[12:50:53] Pulse Conviction: +1.0000 | ATR Mult: 0.50 | PnL: +0.02%
[12:50:55] Pulse Conviction: +1.0000 | ATR Mult: 0.50 | PnL: +0.01%
[12:50:57] Pulse Conviction: +1.0000 | ATR Mult: 0.50 | PnL: +0.01%
[12:50:59] Pulse Conviction: +1.0000 | ATR Mult: 0.50 | PnL: +0.01%
[12:51:01] Pulse Conviction: +1.0000 | ATR Mult: 0.50 | PnL: +0.01%
[12:51:03] Pulse Conviction: +1.0000 | ATR Mult: 0.50 | PnL: +0.00%
[12:51:05] Pulse Conviction: +1.0000 | ATR Mult: 0.50 | PnL: +0.01%
[12:51:07] Pulse Conviction: +1.0000 | ATR Mult: 0.50 | PnL: +0.00%
[12:51:09] Pulse Conviction: +1.0000 | ATR Mult: 0.50 | PnL: -0.01%
[12:51:11] Pulse Conviction: +0.6505 | ATR Mult: 0.50 | PnL: +0.00%
Order Executed: XAUUSD BUY at 4423.88
[12:51:14] Pulse Conviction: +0.1191 | ATR Mult: 0.50 | PnL: -0.01%
[12:51:16] Pulse Conviction: -0.5159 | ATR Mult: 0.50 | PnL: -0.01%
Positions Closed: SniperV5_Reverse
Order Executed: XAUUSD SELL at 4423.6
[12:51:19] Pulse Conviction: -1.0000 | ATR Mult: 0.50 | PnL: +0.01%
[12:51:21] Pulse Conviction: -0.8628 | ATR Mult: 0.50 | PnL: +0.01%
[12:51:23] Pulse Conviction: -1.0000 | ATR Mult: 0.50 | PnL: +0.01%
[12:51:25] Pulse Conviction: -1.0000 | ATR Mult: 0.50 | PnL: +0.02%
[12:51:27] Pulse Conviction: -1.0000 | ATR Mult: 0.50 | PnL: +0.01%
[12:51:30] Pulse Conviction: -1.0000 | ATR Mult: 0.50 | PnL: +0.01%
[12:51:32] Pulse Conviction: -1.0000 | ATR Mult: 0.50 | PnL: +0.01%
[12:51:34] Pulse Conviction: -1.0000 | ATR Mult: 0.50 | PnL: +0.01%
[12:51:36] Pulse Conviction: -1.0000 | ATR Mult: 0.50 | PnL: +0.01%
[12:51:38] Pulse Conviction: -1.0000 | ATR Mult: 0.50 | PnL: +0.01%
[12:51:41] Pulse Conviction: +0.2902 | ATR Mult: 0.50 | PnL: +0.01%
Positions Closed: SniperV5_Reverse
Order Executed: XAUUSD BUY at 4423.02
[12:51:44] Pulse Conviction: +1.0000 | ATR Mult: 0.50 | PnL: -0.00%
[12:51:46] Pulse Conviction: +1.0000 | ATR Mult: 0.50 | PnL: -0.00%
[12:51:48] Pulse Conviction: +1.0000 | ATR Mult: 0.50 | PnL: -0.01%
[12:51:51] Pulse Conviction: +1.0000 | ATR Mult: 0.50 | PnL: -0.01%
[12:51:53] Pulse Conviction: +1.0000 | ATR Mult: 0.50 | PnL: -0.01%
[12:51:56] Pulse Conviction: +1.0000 | ATR Mult: 0.50 | PnL: -0.02%
[12:51:58] Pulse Conviction: +1.0000 | ATR Mult: 0.50 | PnL: +0.00%
Order Executed: XAUUSD BUY at 4422.39
[12:52:01] Pulse Conviction: -1.0000 | ATR Mult: 0.50 | PnL: -0.00%
Positions Closed: SniperV5_Reverse
Order Executed: XAUUSD SELL at 4422.3
[12:52:04] Pulse Conviction: -1.0000 | ATR Mult: 0.62 | PnL: -0.00%
[12:52:07] Pulse Conviction: -1.0000 | ATR Mult: 0.63 | PnL: +0.00%
[12:52:09] Pulse Conviction: -1.0000 | ATR Mult: 0.53 | PnL: -0.01%
[12:52:11] Pulse Conviction: -1.0000 | ATR Mult: 0.50 | PnL: -0.01%
[12:52:13] Pulse Conviction: -1.0000 | ATR Mult: 0.50 | PnL: +0.00%
Order Executed: XAUUSD SELL at 4422.88
[12:52:16] Pulse Conviction: -1.0000 | ATR Mult: 0.51 | PnL: -0.00%
[12:52:18] Pulse Conviction: -1.0000 | ATR Mult: 0.53 | PnL: +0.00%
[12:52:20] Pulse Conviction: -1.0000 | ATR Mult: 0.50 | PnL: +0.00%
[12:52:22] Pulse Conviction: -1.0000 | ATR Mult: 0.50 | PnL: +0.01%
[12:52:24] Pulse Conviction: -1.0000 | ATR Mult: 0.50 | PnL: +0.01%
[12:52:27] Pulse Conviction: -1.0000 | ATR Mult: 0.50 | PnL: +0.01%
[12:52:29] Pulse Conviction: -1.0000 | ATR Mult: 0.50 | PnL: +0.01%
[12:52:31] Pulse Conviction: -1.0000 | ATR Mult: 0.50 | PnL: +0.01%
[12:52:33] Pulse Conviction: -1.0000 | ATR Mult: 0.50 | PnL: +0.01%
[12:52:36] Pulse Conviction: -1.0000 | ATR Mult: 0.50 | PnL: +0.01%
[12:52:38] Pulse Conviction: -1.0000 | ATR Mult: 0.50 | PnL: +0.01%
[12:52:40] Pulse Conviction: -1.0000 | ATR Mult: 0.50 | PnL: +0.02%
[12:52:42] Pulse Conviction: -1.0000 | ATR Mult: 0.50 | PnL: +0.02%
[12:52:44] Pulse Conviction: -1.0000 | ATR Mult: 0.50 | PnL: +0.02%
[12:52:46] Pulse Conviction: -1.0000 | ATR Mult: 0.50 | PnL: +0.02%
[12:52:48] Pulse Conviction: -1.0000 | ATR Mult: 0.50 | PnL: +0.02%
[12:52:50] Pulse Conviction: -1.0000 | ATR Mult: 0.50 | PnL: +0.02%
[12:52:52] Pulse Conviction: -0.7315 | ATR Mult: 0.50 | PnL: +0.01%
[12:52:55] Pulse Conviction: -1.0000 | ATR Mult: 0.50 | PnL: +0.02%
[12:52:57] Pulse Conviction: -1.0000 | ATR Mult: 0.50 | PnL: +0.02%
[12:52:59] Pulse Conviction: -1.0000 | ATR Mult: 0.50 | PnL: +0.02%
[12:53:01] Pulse Conviction: -1.0000 | ATR Mult: 0.58 | PnL: +0.02%
[12:53:03] Pulse Conviction: -1.0000 | ATR Mult: 0.58 | PnL: +0.02%
[12:53:05] Pulse Conviction: -1.0000 | ATR Mult: 0.60 | PnL: +0.02%
[12:53:07] Pulse Conviction: -1.0000 | ATR Mult: 0.59 | PnL: +0.02%
[12:53:09] Pulse Conviction: -1.0000 | ATR Mult: 0.62 | PnL: +0.02%
[12:53:11] Pulse Conviction: -1.0000 | ATR Mult: 0.62 | PnL: +0.02%
[12:53:14] Pulse Conviction: -1.0000 | ATR Mult: 0.62 | PnL: +0.02%
[12:53:16] Pulse Conviction: -1.0000 | ATR Mult: 0.62 | PnL: +0.02%
[12:53:18] Pulse Conviction: -1.0000 | ATR Mult: 0.62 | PnL: +0.02%
[12:53:20] Pulse Conviction: -1.0000 | ATR Mult: 0.58 | PnL: +0.03%
[12:53:22] Pulse Conviction: -1.0000 | ATR Mult: 0.50 | PnL: +0.01%
[12:53:24] Pulse Conviction: -1.0000 | ATR Mult: 0.50 | PnL: +0.02%
[12:53:26] Pulse Conviction: -1.0000 | ATR Mult: 0.55 | PnL: +0.03%
[12:53:28] Pulse Conviction: -1.0000 | ATR Mult: 0.50 | PnL: +0.02%
[12:53:30] Pulse Conviction: -1.0000 | ATR Mult: 0.50 | PnL: +0.02%
[12:53:32] Pulse Conviction: -1.0000 | ATR Mult: 0.50 | PnL: +0.02%
[12:53:34] Pulse Conviction: -1.0000 | ATR Mult: 0.55 | PnL: +0.03%
[12:53:36] Pulse Conviction: -1.0000 | ATR Mult: 0.55 | PnL: +0.03%
[12:53:38] Pulse Conviction: -1.0000 | ATR Mult: 0.53 | PnL: +0.02%
[12:53:41] Pulse Conviction: -1.0000 | ATR Mult: 0.50 | PnL: +0.03%
[12:53:43] Pulse Conviction: -1.0000 | ATR Mult: 0.50 | PnL: +0.03%
[12:53:45] Pulse Conviction: -1.0000 | ATR Mult: 0.50 | PnL: +0.03%
[12:53:47] Pulse Conviction: -1.0000 | ATR Mult: 0.50 | PnL: +0.02%
[12:53:49] Pulse Conviction: -1.0000 | ATR Mult: 0.50 | PnL: +0.02%
[12:53:51] Pulse Conviction: -1.0000 | ATR Mult: 0.50 | PnL: +0.02%
[12:53:53] Pulse Conviction: -1.0000 | ATR Mult: 0.50 | PnL: +0.02%
[12:53:55] Pulse Conviction: -1.0000 | ATR Mult: 0.50 | PnL: +0.03%
[12:53:57] Pulse Conviction: -1.0000 | ATR Mult: 0.50 | PnL: +0.03%
[12:53:59] Pulse Conviction: -1.0000 | ATR Mult: 0.50 | PnL: +0.03%
[12:54:02] Pulse Conviction: -1.0000 | ATR Mult: 0.67 | PnL: +0.03%
[12:54:04] Pulse Conviction: -1.0000 | ATR Mult: 0.66 | PnL: +0.03%
[12:54:06] Pulse Conviction: -1.0000 | ATR Mult: 0.69 | PnL: +0.03%
[12:54:08] Pulse Conviction: -1.0000 | ATR Mult: 0.72 | PnL: +0.03%
[12:54:10] Pulse Conviction: -1.0000 | ATR Mult: 0.64 | PnL: +0.02%
[12:54:12] Pulse Conviction: -1.0000 | ATR Mult: 0.63 | PnL: +0.02%
[12:54:14] Pulse Conviction: -1.0000 | ATR Mult: 0.65 | PnL: +0.02%
[12:54:16] Pulse Conviction: -1.0000 | ATR Mult: 0.77 | PnL: +0.03%
[12:54:18] Pulse Conviction: -1.0000 | ATR Mult: 0.78 | PnL: +0.04%
[12:54:20] Pulse Conviction: -1.0000 | ATR Mult: 0.69 | PnL: +0.03%
[12:54:23] Pulse Conviction: -1.0000 | ATR Mult: 0.68 | PnL: +0.03%
[12:54:25] Pulse Conviction: -1.0000 | ATR Mult: 0.69 | PnL: +0.04%
[12:54:27] Pulse Conviction: -1.0000 | ATR Mult: 0.71 | PnL: +0.04%
[12:54:29] Pulse Conviction: -1.0000 | ATR Mult: 0.71 | PnL: +0.04%
[12:54:31] Pulse Conviction: -1.0000 | ATR Mult: 0.72 | PnL: +0.04%
[12:54:33] Pulse Conviction: -1.0000 | ATR Mult: 0.72 | PnL: +0.05%
[12:54:36] Pulse Conviction: -1.0000 | ATR Mult: 0.72 | PnL: +0.04%
[12:54:38] Pulse Conviction: -1.0000 | ATR Mult: 0.71 | PnL: +0.04%
[12:54:40] Pulse Conviction: -1.0000 | ATR Mult: 0.56 | PnL: +0.04%
[12:54:42] Pulse Conviction: -1.0000 | ATR Mult: 0.57 | PnL: +0.04%
[12:54:44] Pulse Conviction: -1.0000 | ATR Mult: 0.57 | PnL: +0.04%
[12:54:47] Pulse Conviction: -1.0000 | ATR Mult: 0.57 | PnL: +0.04%
[12:54:49] Pulse Conviction: -1.0000 | ATR Mult: 0.58 | PnL: +0.05%
[12:54:51] Pulse Conviction: -1.0000 | ATR Mult: 0.58 | PnL: +0.05%
[12:54:53] Pulse Conviction: -1.0000 | ATR Mult: 0.50 | PnL: +0.00%
Order Executed: XAUUSD SELL at 4420.35
[12:54:55] Pulse Conviction: -1.0000 | ATR Mult: 0.50 | PnL: -0.00%
[12:54:58] Pulse Conviction: -1.0000 | ATR Mult: 0.50 | PnL: -0.01%
[12:55:00] Pulse Conviction: -1.0000 | ATR Mult: 0.67 | PnL: -0.01%
[12:55:02] Pulse Conviction: -1.0000 | ATR Mult: 0.67 | PnL: -0.01%
[12:55:04] Pulse Conviction: -1.0000 | ATR Mult: 0.65 | PnL: -0.01%
[12:55:06] Pulse Conviction: -1.0000 | ATR Mult: 0.66 | PnL: -0.01%
[12:55:09] Pulse Conviction: -1.0000 | ATR Mult: 0.73 | PnL: +0.00%
[12:55:11] Pulse Conviction: -1.0000 | ATR Mult: 0.77 | PnL: +0.00%
[12:55:13] Pulse Conviction: -1.0000 | ATR Mult: 0.78 | PnL: +0.00%
[12:55:15] Pulse Conviction: -1.0000 | ATR Mult: 0.77 | PnL: +0.00%
[12:55:18] Pulse Conviction: -1.0000 | ATR Mult: 0.79 | PnL: +0.01%
[12:55:20] Pulse Conviction: -1.0000 | ATR Mult: 0.72 | PnL: +0.01%
[12:55:22] Pulse Conviction: -1.0000 | ATR Mult: 0.68 | PnL: -0.00%
[12:55:24] Pulse Conviction: -1.0000 | ATR Mult: 0.67 | PnL: -0.00%
[12:55:26] Pulse Conviction: -1.0000 | ATR Mult: 0.67 | PnL: -0.00%
[12:55:28] Pulse Conviction: -1.0000 | ATR Mult: 0.62 | PnL: +0.00%
Order Executed: XAUUSD SELL at 4420.86
[12:55:31] Pulse Conviction: -1.0000 | ATR Mult: 0.67 | PnL: +0.01%
[12:55:33] Pulse Conviction: -1.0000 | ATR Mult: 0.68 | PnL: +0.01%
[12:55:35] Pulse Conviction: -1.0000 | ATR Mult: 0.72 | PnL: +0.02%
[12:55:37] Pulse Conviction: -1.0000 | ATR Mult: 0.72 | PnL: +0.02%
[12:55:39] Pulse Conviction: -1.0000 | ATR Mult: 0.72 | PnL: +0.02%
[12:55:41] Pulse Conviction: -1.0000 | ATR Mult: 0.62 | PnL: +0.02%
[12:55:44] Pulse Conviction: -1.0000 | ATR Mult: 0.58 | PnL: +0.01%
[12:55:46] Pulse Conviction: -1.0000 | ATR Mult: 0.58 | PnL: +0.01%
[12:55:48] Pulse Conviction: -1.0000 | ATR Mult: 0.59 | PnL: +0.01%
[12:55:50] Pulse Conviction: -1.0000 | ATR Mult: 0.58 | PnL: +0.01%
[12:55:52] Pulse Conviction: -1.0000 | ATR Mult: 0.50 | PnL: -0.00%
[12:55:54] Pulse Conviction: -1.0000 | ATR Mult: 0.50 | PnL: -0.01%
[12:55:56] Pulse Conviction: -1.0000 | ATR Mult: 0.50 | PnL: -0.01%
[12:55:58] Pulse Conviction: -1.0000 | ATR Mult: 0.50 | PnL: -0.01%
[12:56:00] Pulse Conviction: -1.0000 | ATR Mult: 0.62 | PnL: -0.01%
[12:56:03] Pulse Conviction: -1.0000 | ATR Mult: 0.61 | PnL: -0.00%
[12:56:05] Pulse Conviction: -1.0000 | ATR Mult: 0.69 | PnL: +0.01%
[12:56:07] Pulse Conviction: -1.0000 | ATR Mult: 0.71 | PnL: +0.01%
[12:56:10] Pulse Conviction: -1.0000 | ATR Mult: 0.71 | PnL: +0.01%
[12:56:12] Pulse Conviction: -1.0000 | ATR Mult: 0.74 | PnL: +0.01%
[12:56:14] Pulse Conviction: -1.0000 | ATR Mult: 0.75 | PnL: +0.01%
[12:56:16] Pulse Conviction: -1.0000 | ATR Mult: 0.77 | PnL: +0.02%
[12:56:18] Pulse Conviction: -1.0000 | ATR Mult: 0.77 | PnL: +0.02%
[12:56:20] Pulse Conviction: -1.0000 | ATR Mult: 0.69 | PnL: +0.02%
[12:56:22] Pulse Conviction: -1.0000 | ATR Mult: 0.72 | PnL: +0.03%
[12:56:24] Pulse Conviction: -1.0000 | ATR Mult: 0.72 | PnL: +0.03%
[12:56:27] Pulse Conviction: -1.0000 | ATR Mult: 0.73 | PnL: +0.03%
[12:56:29] Pulse Conviction: -1.0000 | ATR Mult: 0.73 | PnL: +0.03%
[12:56:31] Pulse Conviction: -1.0000 | ATR Mult: 0.74 | PnL: +0.04%
[12:56:33] Pulse Conviction: -1.0000 | ATR Mult: 0.77 | PnL: +0.04%
[12:56:35] Pulse Conviction: -1.0000 | ATR Mult: 0.77 | PnL: +0.04%
[12:56:37] Pulse Conviction: -1.0000 | ATR Mult: 0.77 | PnL: +0.04%
[12:56:40] Pulse Conviction: -1.0000 | ATR Mult: 0.63 | PnL: +0.04%
[12:56:42] Pulse Conviction: -1.0000 | ATR Mult: 0.64 | PnL: +0.04%
[12:56:44] Pulse Conviction: -1.0000 | ATR Mult: 0.64 | PnL: +0.04%
[12:56:47] Pulse Conviction: -1.0000 | ATR Mult: 0.64 | PnL: +0.04%
[12:56:50] Pulse Conviction: -1.0000 | ATR Mult: 0.71 | PnL: +0.05%
[12:56:52] Pulse Conviction: -1.0000 | ATR Mult: 0.72 | PnL: +0.05%
[12:56:54] Pulse Conviction: -1.0000 | ATR Mult: 0.55 | PnL: +0.05%
[12:56:56] Pulse Conviction: -1.0000 | ATR Mult: 0.55 | PnL: +0.05%
[12:56:58] Pulse Conviction: -1.0000 | ATR Mult: 0.55 | PnL: +0.05%
[12:57:00] Pulse Conviction: -1.0000 | ATR Mult: 0.72 | PnL: +0.05%
[12:57:02] Pulse Conviction: -1.0000 | ATR Mult: 0.72 | PnL: +0.05%
[12:57:05] Pulse Conviction: -1.0000 | ATR Mult: 0.72 | PnL: +0.05%
[12:57:07] Pulse Conviction: -1.0000 | ATR Mult: 0.72 | PnL: +0.05%
[12:57:09] Pulse Conviction: -1.0000 | ATR Mult: 0.70 | PnL: +0.03%
[12:57:11] Pulse Conviction: -1.0000 | ATR Mult: 0.72 | PnL: +0.04%
[12:57:13] Pulse Conviction: -1.0000 | ATR Mult: 0.70 | PnL: +0.05%
[12:57:15] Pulse Conviction: -1.0000 | ATR Mult: 0.71 | PnL: +0.05%
[12:57:17] Pulse Conviction: -1.0000 | ATR Mult: 0.76 | PnL: +0.06%
[12:57:20] Pulse Conviction: -1.0000 | ATR Mult: 0.69 | PnL: +0.05%
[12:57:22] Pulse Conviction: -1.0000 | ATR Mult: 0.71 | PnL: +0.05%
[12:57:24] Pulse Conviction: -1.0000 | ATR Mult: 0.68 | PnL: +0.05%
[12:57:27] Pulse Conviction: -1.0000 | ATR Mult: 0.67 | PnL: +0.04%
[12:57:29] Pulse Conviction: -1.0000 | ATR Mult: 0.67 | PnL: +0.04%
[12:57:31] Pulse Conviction: -1.0000 | ATR Mult: 0.70 | PnL: +0.04%
[12:57:33] Pulse Conviction: -1.0000 | ATR Mult: 0.72 | PnL: +0.05%
[12:57:35] Pulse Conviction: -1.0000 | ATR Mult: 0.72 | PnL: +0.05%
[12:57:37] Pulse Conviction: -1.0000 | ATR Mult: 0.66 | PnL: +0.05%
[12:57:40] Pulse Conviction: -1.0000 | ATR Mult: 0.64 | PnL: +0.06%
[12:57:42] Pulse Conviction: -1.0000 | ATR Mult: 0.63 | PnL: +0.06%
[12:57:44] Pulse Conviction: -1.0000 | ATR Mult: 0.60 | PnL: +0.05%
[12:57:46] Pulse Conviction: -1.0000 | ATR Mult: 0.51 | PnL: +0.05%
[12:57:49] Pulse Conviction: -1.0000 | ATR Mult: 0.51 | PnL: +0.05%
[12:57:51] Pulse Conviction: -1.0000 | ATR Mult: 0.58 | PnL: +0.04%
[12:57:53] Pulse Conviction: -1.0000 | ATR Mult: 0.50 | PnL: +0.04%
[12:57:55] Pulse Conviction: -1.0000 | ATR Mult: 0.50 | PnL: +0.03%
[12:57:57] Pulse Conviction: -1.0000 | ATR Mult: 0.50 | PnL: +0.03%
[12:57:59] Pulse Conviction: -1.0000 | ATR Mult: 0.50 | PnL: +0.03%
[12:58:01] Pulse Conviction: -1.0000 | ATR Mult: 0.69 | PnL: +0.03%
[12:58:03] Pulse Conviction: -1.0000 | ATR Mult: 0.68 | PnL: +0.03%
[12:58:05] Pulse Conviction: -1.0000 | ATR Mult: 0.70 | PnL: +0.03%
[12:58:11] Pulse Conviction: -1.0000 | ATR Mult: 0.69 | PnL: +0.03%
[12:58:13] Pulse Conviction: -1.0000 | ATR Mult: 0.71 | PnL: +0.03%
[12:58:15] Pulse Conviction: -1.0000 | ATR Mult: 0.69 | PnL: +0.03%
[12:58:17] Pulse Conviction: -1.0000 | ATR Mult: 0.70 | PnL: +0.02%
[12:58:21] Pulse Conviction: -1.0000 | ATR Mult: 0.57 | PnL: +0.02%
[12:58:25] Pulse Conviction: -1.0000 | ATR Mult: 0.58 | PnL: +0.02%
[12:58:29] Pulse Conviction: -1.0000 | ATR Mult: 0.60 | PnL: +0.03%
[12:58:31] Pulse Conviction: -1.0000 | ATR Mult: 0.64 | PnL: +0.03%
[12:58:34] Pulse Conviction: -1.0000 | ATR Mult: 0.65 | PnL: +0.03%
[12:58:36] Pulse Conviction: -1.0000 | ATR Mult: 0.63 | PnL: +0.02%
[12:58:38] Pulse Conviction: -1.0000 | ATR Mult: 0.63 | PnL: +0.03%
[12:58:40] Pulse Conviction: -1.0000 | ATR Mult: 0.50 | PnL: +0.04%
[12:58:42] Pulse Conviction: -1.0000 | ATR Mult: 0.50 | PnL: +0.02%
[12:58:44] Pulse Conviction: -1.0000 | ATR Mult: 0.50 | PnL: +0.02%
[12:58:47] Pulse Conviction: -1.0000 | ATR Mult: 0.50 | PnL: +0.02%
[12:58:49] Pulse Conviction: -1.0000 | ATR Mult: 0.50 | PnL: +0.01%
[12:58:51] Pulse Conviction: -1.0000 | ATR Mult: 0.50 | PnL: +0.01%
[12:58:53] Pulse Conviction: -1.0000 | ATR Mult: 0.50 | PnL: +0.02%
[12:58:55] Pulse Conviction: -1.0000 | ATR Mult: 0.50 | PnL: +0.01%
[12:58:57] Pulse Conviction: -1.0000 | ATR Mult: 0.50 | PnL: +0.01%
[12:59:00] Pulse Conviction: -1.0000 | ATR Mult: 0.53 | PnL: +0.01%
[12:59:02] Pulse Conviction: -1.0000 | ATR Mult: 0.58 | PnL: +0.01%
[12:59:05] Pulse Conviction: -1.0000 | ATR Mult: 0.60 | PnL: +0.01%
[12:59:07] Pulse Conviction: -1.0000 | ATR Mult: 0.57 | PnL: +0.01%
[12:59:09] Pulse Conviction: -1.0000 | ATR Mult: 0.62 | PnL: +0.02%
[12:59:12] Pulse Conviction: -1.0000 | ATR Mult: 0.66 | PnL: +0.02%
[12:59:14] Pulse Conviction: -1.0000 | ATR Mult: 0.67 | PnL: +0.02%
[12:59:16] Pulse Conviction: -1.0000 | ATR Mult: 0.66 | PnL: +0.02%
[12:59:18] Pulse Conviction: -1.0000 | ATR Mult: 0.63 | PnL: +0.01%
[12:59:20] Pulse Conviction: -1.0000 | ATR Mult: 0.51 | PnL: +0.00%
[12:59:23] Pulse Conviction: -1.0000 | ATR Mult: 0.51 | PnL: +0.01%
[12:59:25] Pulse Conviction: -1.0000 | ATR Mult: 0.51 | PnL: +0.01%
[12:59:27] Pulse Conviction: -1.0000 | ATR Mult: 0.50 | PnL: +0.01%
[12:59:29] Pulse Conviction: -1.0000 | ATR Mult: 0.53 | PnL: +0.01%
[12:59:31] Pulse Conviction: -1.0000 | ATR Mult: 0.54 | PnL: +0.01%
[12:59:34] Pulse Conviction: -1.0000 | ATR Mult: 0.51 | PnL: +0.01%
[12:59:36] Pulse Conviction: -1.0000 | ATR Mult: 0.52 | PnL: +0.01%
[12:59:38] Pulse Conviction: -1.0000 | ATR Mult: 0.53 | PnL: +0.02%
[12:59:40] Pulse Conviction: -1.0000 | ATR Mult: 0.50 | PnL: +0.01%
[12:59:42] Pulse Conviction: -1.0000 | ATR Mult: 0.50 | PnL: +0.02%
[12:59:44] Pulse Conviction: -1.0000 | ATR Mult: 0.50 | PnL: +0.02%
[12:59:47] Pulse Conviction: -1.0000 | ATR Mult: 0.50 | PnL: +0.03%
[12:59:49] Pulse Conviction: -1.0000 | ATR Mult: 0.52 | PnL: +0.03%
[12:59:51] Pulse Conviction: -1.0000 | ATR Mult: 0.52 | PnL: +0.03%
[12:59:53] Pulse Conviction: -1.0000 | ATR Mult: 0.50 | PnL: +0.03%
[12:59:55] Pulse Conviction: -1.0000 | ATR Mult: 0.50 | PnL: +0.02%
[12:59:57] Pulse Conviction: -1.0000 | ATR Mult: 0.50 | PnL: +0.02%
[13:00:00] Pulse Conviction: -1.0000 | ATR Mult: 0.65 | PnL: +0.02%
[13:00:02] Pulse Conviction: -1.0000 | ATR Mult: 0.66 | PnL: +0.02%
[13:00:05] Pulse Conviction: -1.0000 | ATR Mult: 0.69 | PnL: +0.05%
[13:00:08] Pulse Conviction: -1.0000 | ATR Mult: 0.74 | PnL: +0.04%
[13:00:11] Pulse Conviction: -1.0000 | ATR Mult: 0.74 | PnL: +0.04%
[13:00:13] Pulse Conviction: -1.0000 | ATR Mult: 0.72 | PnL: +0.04%
[13:00:16] Pulse Conviction: -1.0000 | ATR Mult: 0.73 | PnL: +0.04%
[13:00:19] Pulse Conviction: -1.0000 | ATR Mult: 0.73 | PnL: +0.04%
[13:00:21] Pulse Conviction: -1.0000 | ATR Mult: 0.64 | PnL: +0.04%
[13:00:23] Pulse Conviction: -1.0000 | ATR Mult: 0.59 | PnL: +0.03%
[13:00:25] Pulse Conviction: -1.0000 | ATR Mult: 0.61 | PnL: +0.03%
[13:00:27] Pulse Conviction: -1.0000 | ATR Mult: 0.61 | PnL: +0.02%
[13:00:30] Pulse Conviction: -1.0000 | ATR Mult: 0.62 | PnL: +0.03%
[13:00:32] Pulse Conviction: -1.0000 | ATR Mult: 0.62 | PnL: +0.02%
[13:00:34] Pulse Conviction: -1.0000 | ATR Mult: 0.67 | PnL: +0.03%
[13:00:36] Pulse Conviction: -1.0000 | ATR Mult: 0.66 | PnL: +0.04%
[13:00:39] Pulse Conviction: -1.0000 | ATR Mult: 0.60 | PnL: +0.03%
[13:00:41] Pulse Conviction: -1.0000 | ATR Mult: 0.50 | PnL: +0.02%
[13:00:43] Pulse Conviction: -1.0000 | ATR Mult: 0.50 | PnL: +0.02%
[13:00:45] Pulse Conviction: -1.0000 | ATR Mult: 0.50 | PnL: +0.01%
[13:00:47] Pulse Conviction: -1.0000 | ATR Mult: 0.50 | PnL: -0.01%
[13:00:49] Pulse Conviction: -1.0000 | ATR Mult: 0.50 | PnL: +0.00%
[13:00:51] Pulse Conviction: -1.0000 | ATR Mult: 0.50 | PnL: +0.00%
[13:00:53] Pulse Conviction: -0.9806 | ATR Mult: 0.50 | PnL: +0.00%
[13:00:55] Pulse Conviction: -0.4065 | ATR Mult: 0.50 | PnL: -0.01%
[13:00:58] Pulse Conviction: -0.5067 | ATR Mult: 0.50 | PnL: -0.00%
[13:01:00] Pulse Conviction: -1.0000 | ATR Mult: 0.50 | PnL: -0.01%
[13:01:02] Pulse Conviction: -1.0000 | ATR Mult: 0.55 | PnL: -0.01%
[13:01:04] Pulse Conviction: -1.0000 | ATR Mult: 0.56 | PnL: -0.01%
[13:01:06] Pulse Conviction: -1.0000 | ATR Mult: 0.56 | PnL: -0.01%
[13:01:08] Pulse Conviction: -1.0000 | ATR Mult: 0.56 | PnL: -0.01%
[13:01:10] Pulse Conviction: -1.0000 | ATR Mult: 0.57 | PnL: -0.01%
[13:01:12] Pulse Conviction: -1.0000 | ATR Mult: 0.58 | PnL: -0.01%
[13:01:15] Pulse Conviction: -1.0000 | ATR Mult: 0.58 | PnL: -0.01%
[13:01:17] Pulse Conviction: -1.0000 | ATR Mult: 0.58 | PnL: -0.01%
[13:01:19] Pulse Conviction: -1.0000 | ATR Mult: 0.58 | PnL: +0.00%
[13:01:21] Pulse Conviction: -1.0000 | ATR Mult: 0.50 | PnL: -0.01%
[13:01:24] Pulse Conviction: -1.0000 | ATR Mult: 0.50 | PnL: -0.01%
[13:01:26] Pulse Conviction: -1.0000 | ATR Mult: 0.50 | PnL: -0.01%
[13:01:28] Pulse Conviction: -1.0000 | ATR Mult: 0.50 | PnL: -0.01%
[13:01:30] Pulse Conviction: -1.0000 | ATR Mult: 0.50 | PnL: -0.01%
[13:01:32] Pulse Conviction: -1.0000 | ATR Mult: 0.50 | PnL: -0.01%
[13:01:35] Pulse Conviction: -1.0000 | ATR Mult: 0.50 | PnL: -0.01%
[13:01:37] Pulse Conviction: -1.0000 | ATR Mult: 0.50 | PnL: -0.01%
[13:01:39] Pulse Conviction: -1.0000 | ATR Mult: 0.50 | PnL: -0.00%
[13:01:41] Pulse Conviction: -1.0000 | ATR Mult: 0.50 | PnL: -0.00%
[13:01:43] Pulse Conviction: -1.0000 | ATR Mult: 0.50 | PnL: -0.00%
[13:01:46] Pulse Conviction: -1.0000 | ATR Mult: 0.50 | PnL: +0.00%
[13:01:48] Pulse Conviction: -1.0000 | ATR Mult: 0.50 | PnL: +0.01%
[13:01:50] Pulse Conviction: -1.0000 | ATR Mult: 0.50 | PnL: +0.01%
[13:01:53] Pulse Conviction: -0.9060 | ATR Mult: 0.50 | PnL: -0.00%
[13:01:55] Pulse Conviction: +0.2980 | ATR Mult: 0.50 | PnL: -0.01%
Positions Closed: SniperV5_Reverse
Order Executed: XAUUSD BUY at 4421.3
[13:01:59] Pulse Conviction: +0.4925 | ATR Mult: 0.50 | PnL: -0.02%
[13:02:02] Pulse Conviction: -1.0000 | ATR Mult: 0.50 | PnL: -0.02%
Order Executed: XAUUSD SELL at 4420.6
[13:02:06] Pulse Conviction: -1.0000 | ATR Mult: 0.62 | PnL: -0.00%
[13:02:08] Pulse Conviction: -1.0000 | ATR Mult: 0.63 | PnL: -0.00%
[13:02:11] Pulse Conviction: -1.0000 | ATR Mult: 0.64 | PnL: -0.00%
[13:02:14] Pulse Conviction: -1.0000 | ATR Mult: 0.64 | PnL: -0.00%
[13:02:16] Pulse Conviction: -1.0000 | ATR Mult: 0.69 | PnL: +0.00%
[13:02:19] Pulse Conviction: -1.0000 | ATR Mult: 0.68 | PnL: -0.00%
[13:02:21] Pulse Conviction: -1.0000 | ATR Mult: 0.56 | PnL: +0.01%
[13:02:24] Pulse Conviction: -1.0000 | ATR Mult: 0.57 | PnL: +0.00%
[13:02:26] Pulse Conviction: -1.0000 | ATR Mult: 0.57 | PnL: +0.00%
[13:02:28] Pulse Conviction: -1.0000 | ATR Mult: 0.58 | PnL: +0.01%
[13:02:31] Pulse Conviction: -1.0000 | ATR Mult: 0.58 | PnL: +0.00%
[13:02:34] Pulse Conviction: -1.0000 | ATR Mult: 0.61 | PnL: +0.01%
[13:02:36] Pulse Conviction: -1.0000 | ATR Mult: 0.62 | PnL: +0.01%
[13:02:38] Pulse Conviction: -1.0000 | ATR Mult: 0.68 | PnL: +0.02%
[13:02:40] Pulse Conviction: -1.0000 | ATR Mult: 0.50 | PnL: +0.02%
[13:02:43] Pulse Conviction: -1.0000 | ATR Mult: 0.50 | PnL: +0.01%
[13:02:45] Pulse Conviction: -1.0000 | ATR Mult: 0.50 | PnL: +0.01%
[13:02:48] Pulse Conviction: -1.0000 | ATR Mult: 0.50 | PnL: +0.01%
[13:02:50] Pulse Conviction: -1.0000 | ATR Mult: 0.50 | PnL: +0.01%
[13:02:52] Pulse Conviction: -1.0000 | ATR Mult: 0.50 | PnL: +0.01%
[13:02:54] Pulse Conviction: -1.0000 | ATR Mult: 0.50 | PnL: +0.01%
[13:02:57] Pulse Conviction: -1.0000 | ATR Mult: 0.50 | PnL: +0.01%
[13:02:59] Pulse Conviction: -1.0000 | ATR Mult: 0.50 | PnL: +0.01%
[13:03:01] Pulse Conviction: -1.0000 | ATR Mult: 0.74 | PnL: +0.02%
[13:03:04] Pulse Conviction: -1.0000 | ATR Mult: 0.76 | PnL: +0.03%
[13:03:06] Pulse Conviction: -1.0000 | ATR Mult: 0.77 | PnL: +0.03%
[13:03:08] Pulse Conviction: -1.0000 | ATR Mult: 0.78 | PnL: +0.03%
[13:03:10] Pulse Conviction: -1.0000 | ATR Mult: 0.75 | PnL: +0.02%
[13:03:12] Pulse Conviction: -1.0000 | ATR Mult: 0.68 | PnL: +0.01%
[13:03:15] Pulse Conviction: -1.0000 | ATR Mult: 0.69 | PnL: +0.01%
[13:03:17] Pulse Conviction: -1.0000 | ATR Mult: 0.70 | PnL: +0.01%
[13:03:19] Pulse Conviction: -1.0000 | ATR Mult: 0.71 | PnL: +0.01%
[13:03:21] Pulse Conviction: -1.0000 | ATR Mult: 0.65 | PnL: -0.01%
[13:03:23] Pulse Conviction: -1.0000 | ATR Mult: 0.65 | PnL: -0.01%
[13:03:25] Pulse Conviction: -1.0000 | ATR Mult: 0.65 | PnL: -0.01%
[13:03:27] Pulse Conviction: -1.0000 | ATR Mult: 0.66 | PnL: -0.00%
[13:03:29] Pulse Conviction: -1.0000 | ATR Mult: 0.66 | PnL: -0.00%
[13:03:32] Pulse Conviction: -1.0000 | ATR Mult: 0.66 | PnL: -0.00%
[13:03:34] Pulse Conviction: -1.0000 | ATR Mult: 0.66 | PnL: -0.00%
[13:03:36] Pulse Conviction: -1.0000 | ATR Mult: 0.66 | PnL: -0.00%
[13:03:38] Pulse Conviction: -1.0000 | ATR Mult: 0.66 | PnL: -0.00%
[13:03:40] Pulse Conviction: -1.0000 | ATR Mult: 0.50 | PnL: -0.00%
[13:03:42] Pulse Conviction: -1.0000 | ATR Mult: 0.50 | PnL: +0.01%
[13:03:44] Pulse Conviction: -1.0000 | ATR Mult: 0.50 | PnL: +0.01%
[13:03:46] Pulse Conviction: -1.0000 | ATR Mult: 0.50 | PnL: +0.00%
[13:03:48] Pulse Conviction: -1.0000 | ATR Mult: 0.50 | PnL: +0.00%
[13:03:51] Pulse Conviction: -1.0000 | ATR Mult: 0.50 | PnL: -0.01%
[13:03:53] Pulse Conviction: -1.0000 | ATR Mult: 0.50 | PnL: -0.00%
[13:03:55] Pulse Conviction: -1.0000 | ATR Mult: 0.50 | PnL: -0.00%
[13:03:57] Pulse Conviction: +0.1408 | ATR Mult: 0.50 | PnL: -0.03%
[13:04:00] Pulse Conviction: -1.0000 | ATR Mult: 0.50 | PnL: -0.02%
[13:04:02] Pulse Conviction: -1.0000 | ATR Mult: 0.50 | PnL: -0.02%
[13:04:04] Pulse Conviction: -1.0000 | ATR Mult: 0.50 | PnL: -0.02%
[13:04:07] Pulse Conviction: -1.0000 | ATR Mult: 0.50 | PnL: -0.02%
[13:04:10] Pulse Conviction: -1.0000 | ATR Mult: 0.51 | PnL: -0.02%
[13:04:12] Pulse Conviction: -1.0000 | ATR Mult: 0.51 | PnL: +0.00%
Order Executed: XAUUSD SELL at 4421.09
[13:04:15] Pulse Conviction: -1.0000 | ATR Mult: 0.51 | PnL: -0.01%
[13:04:18] Pulse Conviction: -1.0000 | ATR Mult: 0.51 | PnL: -0.00%
[13:04:21] Pulse Conviction: -1.0000 | ATR Mult: 0.50 | PnL: +0.00%
[13:04:23] Pulse Conviction: -1.0000 | ATR Mult: 0.50 | PnL: +0.00%
[13:04:25] Pulse Conviction: -1.0000 | ATR Mult: 0.50 | PnL: +0.00%
[13:04:28] Pulse Conviction: -1.0000 | ATR Mult: 0.50 | PnL: +0.02%
[13:04:30] Pulse Conviction: -1.0000 | ATR Mult: 0.62 | PnL: +0.02%
[13:04:32] Pulse Conviction: -1.0000 | ATR Mult: 0.67 | PnL: +0.03%
[13:04:35] Pulse Conviction: -1.0000 | ATR Mult: 0.65 | PnL: +0.03%
[13:04:38] Pulse Conviction: -1.0000 | ATR Mult: 0.67 | PnL: +0.03%
[13:04:40] Pulse Conviction: -1.0000 | ATR Mult: 0.51 | PnL: +0.03%
[13:04:43] Pulse Conviction: -1.0000 | ATR Mult: 0.55 | PnL: +0.04%
[13:04:45] Pulse Conviction: -1.0000 | ATR Mult: 0.55 | PnL: +0.04%
[13:04:47] Pulse Conviction: -1.0000 | ATR Mult: 0.54 | PnL: +0.03%
[13:04:50] Pulse Conviction: -1.0000 | ATR Mult: 0.54 | PnL: +0.03%
[13:04:52] Pulse Conviction: -1.0000 | ATR Mult: 0.54 | PnL: +0.04%
[13:04:55] Pulse Conviction: -1.0000 | ATR Mult: 0.50 | PnL: +0.05%
[13:04:57] Pulse Conviction: -1.0000 | ATR Mult: 0.50 | PnL: +0.04%
[13:05:00] Pulse Conviction: -1.0000 | ATR Mult: 0.66 | PnL: +0.05%
[13:05:02] Pulse Conviction: -1.0000 | ATR Mult: 0.72 | PnL: +0.05%
[13:05:05] Pulse Conviction: -1.0000 | ATR Mult: 0.71 | PnL: +0.04%
[13:05:07] Pulse Conviction: -1.0000 | ATR Mult: 0.61 | PnL: +0.03%
[13:05:10] Pulse Conviction: -1.0000 | ATR Mult: 0.64 | PnL: +0.03%
[13:05:13] Pulse Conviction: -1.0000 | ATR Mult: 0.65 | PnL: +0.03%
[13:05:15] Pulse Conviction: -1.0000 | ATR Mult: 0.66 | PnL: +0.03%
[13:05:18] Pulse Conviction: -1.0000 | ATR Mult: 0.67 | PnL: +0.03%
[13:05:21] Pulse Conviction: -1.0000 | ATR Mult: 0.53 | PnL: +0.04%
[13:05:24] Pulse Conviction: -1.0000 | ATR Mult: 0.51 | PnL: +0.04%
[13:05:27] Pulse Conviction: -1.0000 | ATR Mult: 0.54 | PnL: +0.04%
[13:05:29] Pulse Conviction: -1.0000 | ATR Mult: 0.60 | PnL: +0.04%
[13:05:33] Pulse Conviction: -1.0000 | ATR Mult: 0.54 | PnL: +0.04%
[13:05:36] Pulse Conviction: -1.0000 | ATR Mult: 0.65 | PnL: +0.00%
Order Executed: XAUUSD SELL at 4418.92
[13:05:44] Pulse Conviction: -1.0000 | ATR Mult: 0.54 | PnL: -0.01%
[13:05:48] Pulse Conviction: -1.0000 | ATR Mult: 0.60 | PnL: -0.00%
[13:05:50] Pulse Conviction: -1.0000 | ATR Mult: 0.63 | PnL: +0.00%
[13:05:53] Pulse Conviction: -1.0000 | ATR Mult: 0.50 | PnL: +0.01%
[13:05:55] Pulse Conviction: -1.0000 | ATR Mult: 0.50 | PnL: -0.00%
[13:05:58] Pulse Conviction: -1.0000 | ATR Mult: 0.50 | PnL: -0.00%
[13:06:01] Pulse Conviction: -1.0000 | ATR Mult: 0.68 | PnL: +0.00%
[13:06:04] Pulse Conviction: -1.0000 | ATR Mult: 0.67 | PnL: +0.00%
[13:06:07] Pulse Conviction: -1.0000 | ATR Mult: 0.68 | PnL: -0.00%
[13:06:10] Pulse Conviction: -1.0000 | ATR Mult: 0.68 | PnL: +0.01%
[13:06:13] Pulse Conviction: -1.0000 | ATR Mult: 0.67 | PnL: +0.01%
[13:06:16] Pulse Conviction: -1.0000 | ATR Mult: 0.66 | PnL: +0.01%
[13:06:18] Pulse Conviction: -1.0000 | ATR Mult: 0.69 | PnL: -0.00%
[13:06:20] Pulse Conviction: -1.0000 | ATR Mult: 0.57 | PnL: -0.00%
[13:06:23] Pulse Conviction: -1.0000 | ATR Mult: 0.63 | PnL: +0.01%
[13:06:25] Pulse Conviction: -1.0000 | ATR Mult: 0.65 | PnL: +0.01%
[13:06:27] Pulse Conviction: -1.0000 | ATR Mult: 0.62 | PnL: +0.01%
[13:06:30] Pulse Conviction: -1.0000 | ATR Mult: 0.62 | PnL: +0.01%
[13:06:32] Pulse Conviction: -1.0000 | ATR Mult: 0.64 | PnL: +0.01%
[13:06:35] Pulse Conviction: -1.0000 | ATR Mult: 0.64 | PnL: +0.01%
[13:06:38] Pulse Conviction: -1.0000 | ATR Mult: 0.64 | PnL: +0.01%
[13:06:40] Pulse Conviction: -1.0000 | ATR Mult: 0.64 | PnL: +0.01%
[13:06:44] Pulse Conviction: -1.0000 | ATR Mult: 0.50 | PnL: +0.02%
[13:06:48] Pulse Conviction: -1.0000 | ATR Mult: 0.50 | PnL: +0.02%
[13:06:51] Pulse Conviction: -1.0000 | ATR Mult: 0.50 | PnL: +0.02%
[13:06:54] Pulse Conviction: -1.0000 | ATR Mult: 0.52 | PnL: +0.02%
[13:06:57] Pulse Conviction: -1.0000 | ATR Mult: 0.50 | PnL: +0.02%
[13:06:59] Pulse Conviction: -1.0000 | ATR Mult: 0.55 | PnL: +0.02%
[13:07:01] Pulse Conviction: -1.0000 | ATR Mult: 0.58 | PnL: -0.00%
[13:07:04] Pulse Conviction: -1.0000 | ATR Mult: 0.59 | PnL: -0.00%
[13:07:06] Pulse Conviction: -1.0000 | ATR Mult: 0.62 | PnL: +0.00%
[13:07:09] Pulse Conviction: -1.0000 | ATR Mult: 0.64 | PnL: +0.00%
[13:07:11] Pulse Conviction: -1.0000 | ATR Mult: 0.65 | PnL: +0.01%
[13:07:14] Pulse Conviction: -1.0000 | ATR Mult: 0.66 | PnL: +0.01%
[13:07:16] Pulse Conviction: -1.0000 | ATR Mult: 0.66 | PnL: +0.00%
[13:07:18] Pulse Conviction: -1.0000 | ATR Mult: 0.66 | PnL: +0.00%
[13:07:21] Pulse Conviction: -1.0000 | ATR Mult: 0.51 | PnL: +0.00%
[13:07:24] Pulse Conviction: -1.0000 | ATR Mult: 0.51 | PnL: +0.00%
[13:07:26] Pulse Conviction: -1.0000 | ATR Mult: 0.51 | PnL: +0.00%
[13:07:29] Pulse Conviction: -1.0000 | ATR Mult: 0.51 | PnL: -0.01%
[13:07:31] Pulse Conviction: -1.0000 | ATR Mult: 0.53 | PnL: -0.01%
[13:07:33] Pulse Conviction: -1.0000 | ATR Mult: 0.53 | PnL: -0.01%
[13:07:36] Pulse Conviction: -1.0000 | ATR Mult: 0.52 | PnL: -0.01%
[13:07:38] Pulse Conviction: -1.0000 | ATR Mult: 0.54 | PnL: -0.00%
[13:07:41] Pulse Conviction: -1.0000 | ATR Mult: 0.50 | PnL: -0.01%
[13:07:43] Pulse Conviction: -1.0000 | ATR Mult: 0.50 | PnL: -0.01%
[13:07:46] Pulse Conviction: -1.0000 | ATR Mult: 0.50 | PnL: -0.01%
[13:07:48] Pulse Conviction: -1.0000 | ATR Mult: 0.50 | PnL: -0.01%
[13:07:51] Pulse Conviction: -1.0000 | ATR Mult: 0.50 | PnL: -0.00%
[13:07:54] Pulse Conviction: -1.0000 | ATR Mult: 0.50 | PnL: -0.00%
[13:07:56] Pulse Conviction: -1.0000 | ATR Mult: 0.50 | PnL: +0.01%
[13:07:59] Pulse Conviction: -1.0000 | ATR Mult: 0.50 | PnL: +0.01%
[13:08:01] Pulse Conviction: -1.0000 | ATR Mult: 0.62 | PnL: +0.01%
[13:08:04] Pulse Conviction: -1.0000 | ATR Mult: 0.62 | PnL: +0.01%
[13:08:06] Pulse Conviction: -1.0000 | ATR Mult: 0.55 | PnL: +0.00%
[13:08:09] Pulse Conviction: -1.0000 | ATR Mult: 0.54 | PnL: +0.01%
[13:08:11] Pulse Conviction: -1.0000 | ATR Mult: 0.55 | PnL: +0.01%
[13:08:13] Pulse Conviction: -1.0000 | ATR Mult: 0.54 | PnL: +0.01%
[13:08:16] Pulse Conviction: -1.0000 | ATR Mult: 0.56 | PnL: +0.01%
[13:08:18] Pulse Conviction: -1.0000 | ATR Mult: 0.63 | PnL: +0.01%
[13:08:20] Pulse Conviction: -1.0000 | ATR Mult: 0.50 | PnL: +0.01%
[13:08:22] Pulse Conviction: -1.0000 | ATR Mult: 0.50 | PnL: +0.01%
[13:08:25] Pulse Conviction: -1.0000 | ATR Mult: 0.50 | PnL: +0.01%
[13:08:27] Pulse Conviction: -1.0000 | ATR Mult: 0.50 | PnL: +0.02%
[13:08:29] Pulse Conviction: -1.0000 | ATR Mult: 0.55 | PnL: -0.00%
[13:08:31] Pulse Conviction: -1.0000 | ATR Mult: 0.50 | PnL: -0.00%
[13:08:34] Pulse Conviction: -1.0000 | ATR Mult: 0.50 | PnL: -0.00%
[13:08:37] Pulse Conviction: -1.0000 | ATR Mult: 0.50 | PnL: -0.01%
[13:08:40] Pulse Conviction: -0.6230 | ATR Mult: 0.50 | PnL: -0.01%
[13:08:42] Pulse Conviction: -0.2449 | ATR Mult: 0.50 | PnL: -0.01%
[13:08:44] Pulse Conviction: -0.2501 | ATR Mult: 0.50 | PnL: -0.01%
[13:08:46] Pulse Conviction: -0.2769 | ATR Mult: 0.50 | PnL: -0.01%
[13:08:49] Pulse Conviction: -0.4480 | ATR Mult: 0.50 | PnL: -0.01%
[13:08:52] Pulse Conviction: -0.6284 | ATR Mult: 0.50 | PnL: -0.00%
[13:08:55] Pulse Conviction: -1.0000 | ATR Mult: 0.50 | PnL: +0.00%
[13:08:58] Pulse Conviction: -1.0000 | ATR Mult: 0.50 | PnL: +0.00%
[13:09:00] Pulse Conviction: -1.0000 | ATR Mult: 0.61 | PnL: +0.01%
[13:09:03] Pulse Conviction: -1.0000 | ATR Mult: 0.67 | PnL: +0.02%
[13:09:05] Pulse Conviction: -1.0000 | ATR Mult: 0.69 | PnL: +0.02%
[13:09:08] Pulse Conviction: -1.0000 | ATR Mult: 0.70 | PnL: +0.02%
[13:09:10] Pulse Conviction: -1.0000 | ATR Mult: 0.73 | PnL: +0.03%
[13:09:12] Pulse Conviction: -1.0000 | ATR Mult: 0.73 | PnL: +0.03%
[13:09:15] Pulse Conviction: -1.0000 | ATR Mult: 0.72 | PnL: +0.02%
[13:09:17] Pulse Conviction: -1.0000 | ATR Mult: 0.72 | PnL: +0.02%
[13:09:19] Pulse Conviction: -1.0000 | ATR Mult: 0.74 | PnL: +0.03%
[13:09:21] Pulse Conviction: -1.0000 | ATR Mult: 0.60 | PnL: +0.02%
[13:09:24] Pulse Conviction: -1.0000 | ATR Mult: 0.60 | PnL: +0.02%
[13:09:27] Pulse Conviction: -1.0000 | ATR Mult: 0.58 | PnL: +0.01%
[13:09:29] Pulse Conviction: -1.0000 | ATR Mult: 0.55 | PnL: +0.01%
[13:09:31] Pulse Conviction: -1.0000 | ATR Mult: 0.54 | PnL: +0.01%
[13:09:33] Pulse Conviction: -1.0000 | ATR Mult: 0.58 | PnL: +0.01%
[13:09:36] Pulse Conviction: -1.0000 | ATR Mult: 0.57 | PnL: +0.01%
[13:09:38] Pulse Conviction: -1.0000 | ATR Mult: 0.58 | PnL: +0.01%
[13:09:41] Pulse Conviction: -1.0000 | ATR Mult: 0.50 | PnL: +0.01%
[13:09:43] Pulse Conviction: -1.0000 | ATR Mult: 0.50 | PnL: +0.01%
[13:09:45] Pulse Conviction: -1.0000 | ATR Mult: 0.50 | PnL: +0.01%
[13:09:47] Pulse Conviction: -1.0000 | ATR Mult: 0.50 | PnL: +0.01%
[13:09:50] Pulse Conviction: -1.0000 | ATR Mult: 0.50 | PnL: +0.00%
[13:09:52] Pulse Conviction: -1.0000 | ATR Mult: 0.50 | PnL: +0.00%
[13:09:54] Pulse Conviction: -1.0000 | ATR Mult: 0.50 | PnL: +0.00%
[13:09:57] Pulse Conviction: -1.0000 | ATR Mult: 0.50 | PnL: -0.01%
[13:10:01] Pulse Conviction: -1.0000 | ATR Mult: 0.63 | PnL: -0.01%
[13:10:03] Pulse Conviction: -1.0000 | ATR Mult: 0.50 | PnL: -0.02%
[13:10:05] Pulse Conviction: -1.0000 | ATR Mult: 0.50 | PnL: -0.02%
[13:10:08] Pulse Conviction: -1.0000 | ATR Mult: 0.50 | PnL: -0.02%
[13:10:10] Pulse Conviction: -1.0000 | ATR Mult: 0.50 | PnL: -0.02%
[13:10:13] Pulse Conviction: -1.0000 | ATR Mult: 0.50 | PnL: -0.02%
[13:10:15] Pulse Conviction: -1.0000 | ATR Mult: 0.50 | PnL: -0.02%
[13:10:17] Pulse Conviction: -1.0000 | ATR Mult: 0.50 | PnL: -0.02%
[13:10:19] Pulse Conviction: -1.0000 | ATR Mult: 0.50 | PnL: -0.02%
[13:10:23] Pulse Conviction: -0.7249 | ATR Mult: 0.50 | PnL: -0.02%
[13:10:25] Pulse Conviction: -1.0000 | ATR Mult: 0.50 | PnL: -0.01%
[13:10:28] Pulse Conviction: -1.0000 | ATR Mult: 0.50 | PnL: -0.01%
[13:10:30] Pulse Conviction: -1.0000 | ATR Mult: 0.50 | PnL: -0.01%
[13:10:32] Pulse Conviction: -1.0000 | ATR Mult: 0.50 | PnL: -0.01%
[13:10:34] Pulse Conviction: -1.0000 | ATR Mult: 0.50 | PnL: -0.01%
[13:10:37] Pulse Conviction: -1.0000 | ATR Mult: 0.50 | PnL: -0.01%
[13:10:39] Pulse Conviction: -1.0000 | ATR Mult: 0.50 | PnL: -0.01%
[13:10:41] Pulse Conviction: -1.0000 | ATR Mult: 0.50 | PnL: -0.01%
[13:10:44] Pulse Conviction: -1.0000 | ATR Mult: 0.50 | PnL: -0.00%
[13:10:46] Pulse Conviction: -1.0000 | ATR Mult: 0.50 | PnL: -0.01%
[13:10:48] Pulse Conviction: +0.8940 | ATR Mult: 0.50 | PnL: -0.03%
Positions Closed: SniperV5_Reverse
Order Executed: XAUUSD BUY at 4419.39
[13:10:52] Pulse Conviction: +1.0000 | ATR Mult: 0.50 | PnL: -0.02%
[13:10:54] Pulse Conviction: +1.0000 | ATR Mult: 0.50 | PnL: -0.02%
[13:10:57] Pulse Conviction: +1.0000 | ATR Mult: 0.50 | PnL: -0.02%
[13:10:59] Pulse Conviction: +1.0000 | ATR Mult: 0.50 | PnL: -0.02%
[13:11:01] Pulse Conviction: -1.0000 | ATR Mult: 0.50 | PnL: -0.02%
Positions Closed: SniperV5_Reverse
Order Executed: XAUUSD SELL at 4418.71
[13:11:09] Pulse Conviction: -1.0000 | ATR Mult: 0.50 | PnL: -0.01%
[13:11:12] Pulse Conviction: -1.0000 | ATR Mult: 0.50 | PnL: -0.01%
[13:11:14] Pulse Conviction: -1.0000 | ATR Mult: 0.50 | PnL: -0.01%
[13:11:16] Pulse Conviction: -1.0000 | ATR Mult: 0.50 | PnL: -0.01%
[13:11:19] Pulse Conviction: -1.0000 | ATR Mult: 0.50 | PnL: -0.00%
[13:11:21] Pulse Conviction: -1.0000 | ATR Mult: 0.50 | PnL: -0.01%
[13:11:24] Pulse Conviction: -1.0000 | ATR Mult: 0.50 | PnL: -0.01%
[13:11:26] Pulse Conviction: -0.9727 | ATR Mult: 0.50 | PnL: +0.00%
Order Executed: XAUUSD SELL at 4419.26
[13:11:42] Pulse Conviction: +0.5844 | ATR Mult: 0.50 | PnL: -0.00%
Positions Closed: SniperV5_Reverse
Order Executed: XAUUSD BUY at 4419.26
[13:11:51] Pulse Conviction: +1.0000 | ATR Mult: 0.50 | PnL: -0.01%
[13:11:53] Pulse Conviction: +1.0000 | ATR Mult: 0.50 | PnL: -0.01%
[13:11:56] Pulse Conviction: +1.0000 | ATR Mult: 0.50 | PnL: -0.01%
[13:11:58] Pulse Conviction: +1.0000 | ATR Mult: 0.50 | PnL: -0.00%
[13:12:01] Pulse Conviction: +0.2849 | ATR Mult: 0.50 | PnL: +0.00%
[13:12:03] Pulse Conviction: +0.0468 | ATR Mult: 0.50 | PnL: +0.00%
Positions Closed: SniperV5_Neutral
[13:12:11] Pulse Conviction: +0.5069 | ATR Mult: 0.50 | PnL: +0.00%
Order Executed: XAUUSD BUY at 4419.9
[13:12:14] Pulse Conviction: -0.0946 | ATR Mult: 0.50 | PnL: -0.00%
[13:12:16] Pulse Conviction: -0.7977 | ATR Mult: 0.50 | PnL: -0.01%
Positions Closed: SniperV5_Reverse
Order Executed: XAUUSD SELL at 4419.49
[13:12:21] Pulse Conviction: -0.4575 | ATR Mult: 0.50 | PnL: +0.00%
[13:12:24] Pulse Conviction: -0.7213 | ATR Mult: 0.50 | PnL: +0.00%
[13:12:26] Pulse Conviction: -0.3187 | ATR Mult: 0.50 | PnL: +0.00%
[13:12:29] Pulse Conviction: -0.3965 | ATR Mult: 0.50 | PnL: +0.00%
[13:12:31] Pulse Conviction: -0.1631 | ATR Mult: 0.50 | PnL: +0.00%
[13:12:33] Pulse Conviction: -0.4419 | ATR Mult: 0.50 | PnL: +0.00%
[13:12:36] Pulse Conviction: -0.6474 | ATR Mult: 0.50 | PnL: +0.00%
[13:12:38] Pulse Conviction: -0.3664 | ATR Mult: 0.50 | PnL: +0.00%
[13:12:40] Pulse Conviction: +0.7586 | ATR Mult: 0.50 | PnL: +0.01%
Positions Closed: SniperV5_Reverse
Order Executed: XAUUSD BUY at 4419.08
[13:12:51] Pulse Conviction: +1.0000 | ATR Mult: 0.50 | PnL: -0.01%
[13:12:54] Pulse Conviction: +0.7380 | ATR Mult: 0.50 | PnL: -0.02%
[13:12:56] Pulse Conviction: +0.3115 | ATR Mult: 0.50 | PnL: +0.00%
Order Executed: XAUUSD BUY at 4418.11
[13:13:02] Pulse Conviction: -1.0000 | ATR Mult: 0.50 | PnL: -0.00%
Positions Closed: SniperV5_Reverse
Order Executed: XAUUSD SELL at 4418.11
[13:13:15] Pulse Conviction: -1.0000 | ATR Mult: 0.59 | PnL: -0.01%
[13:13:17] Pulse Conviction: -1.0000 | ATR Mult: 0.61 | PnL: -0.01%
[13:13:19] Pulse Conviction: -1.0000 | ATR Mult: 0.56 | PnL: -0.02%
[13:13:22] Pulse Conviction: -1.0000 | ATR Mult: 0.50 | PnL: -0.01%
[13:13:24] Pulse Conviction: -1.0000 | ATR Mult: 0.50 | PnL: -0.01%
[13:13:27] Pulse Conviction: -1.0000 | ATR Mult: 0.50 | PnL: -0.01%
[13:13:30] Pulse Conviction: -1.0000 | ATR Mult: 0.57 | PnL: -0.01%
[13:13:32] Pulse Conviction: -1.0000 | ATR Mult: 0.61 | PnL: -0.00%
[13:13:35] Pulse Conviction: -1.0000 | ATR Mult: 0.52 | PnL: -0.01%
[13:13:39] Pulse Conviction: -1.0000 | ATR Mult: 0.51 | PnL: -0.01%
[13:13:41] Pulse Conviction: -1.0000 | ATR Mult: 0.50 | PnL: -0.01%
[13:13:43] Pulse Conviction: -1.0000 | ATR Mult: 0.50 | PnL: -0.01%
[13:13:46] Pulse Conviction: -1.0000 | ATR Mult: 0.50 | PnL: -0.01%
[13:13:48] Pulse Conviction: -0.9403 | ATR Mult: 0.50 | PnL: -0.02%
[13:13:50] Pulse Conviction: -0.8746 | ATR Mult: 0.50 | PnL: -0.02%
[13:13:53] Pulse Conviction: -0.7931 | ATR Mult: 0.50 | PnL: -0.01%
[13:13:55] Pulse Conviction: -0.6074 | ATR Mult: 0.50 | PnL: -0.01%
[13:13:58] Pulse Conviction: -0.9698 | ATR Mult: 0.50 | PnL: -0.01%
[13:14:00] Pulse Conviction: -1.0000 | ATR Mult: 0.55 | PnL: -0.01%
[13:14:02] Pulse Conviction: -1.0000 | ATR Mult: 0.50 | PnL: -0.01%
[13:14:04] Pulse Conviction: -1.0000 | ATR Mult: 0.50 | PnL: -0.01%
[13:14:07] Pulse Conviction: -1.0000 | ATR Mult: 0.54 | PnL: -0.02%
[13:14:09] Pulse Conviction: -1.0000 | ATR Mult: 0.54 | PnL: -0.01%
[13:14:11] Pulse Conviction: -1.0000 | ATR Mult: 0.50 | PnL: -0.01%
[13:14:14] Pulse Conviction: -1.0000 | ATR Mult: 0.50 | PnL: -0.01%
[13:14:16] Pulse Conviction: -1.0000 | ATR Mult: 0.50 | PnL: -0.01%
[13:14:19] Pulse Conviction: -1.0000 | ATR Mult: 0.56 | PnL: -0.02%
[13:14:21] Pulse Conviction: -1.0000 | ATR Mult: 0.50 | PnL: -0.02%
[13:14:24] Pulse Conviction: -1.0000 | ATR Mult: 0.50 | PnL: -0.01%
[13:14:26] Pulse Conviction: -1.0000 | ATR Mult: 0.52 | PnL: -0.00%
[13:14:29] Pulse Conviction: -1.0000 | ATR Mult: 0.65 | PnL: +0.01%
[13:14:31] Pulse Conviction: -1.0000 | ATR Mult: 0.65 | PnL: +0.00%
[13:14:34] Pulse Conviction: -1.0000 | ATR Mult: 0.66 | PnL: +0.01%
[13:14:38] Pulse Conviction: -1.0000 | ATR Mult: 0.65 | PnL: -0.01%
[13:14:41] Pulse Conviction: -1.0000 | ATR Mult: 0.50 | PnL: -0.00%
[13:14:44] Pulse Conviction: -1.0000 | ATR Mult: 0.50 | PnL: -0.01%
[13:14:46] Pulse Conviction: -1.0000 | ATR Mult: 0.50 | PnL: -0.00%
[13:14:49] Pulse Conviction: -1.0000 | ATR Mult: 0.50 | PnL: -0.01%
[13:14:52] Pulse Conviction: -1.0000 | ATR Mult: 0.50 | PnL: -0.00%
[13:14:55] Pulse Conviction: -1.0000 | ATR Mult: 0.50 | PnL: +0.01%
[13:14:58] Pulse Conviction: -1.0000 | ATR Mult: 0.65 | PnL: -0.00%
[13:15:01] Pulse Conviction: -1.0000 | ATR Mult: 0.76 | PnL: -0.01%
[13:15:03] Pulse Conviction: -1.0000 | ATR Mult: 0.65 | PnL: -0.01%
[13:15:07] Pulse Conviction: -1.0000 | ATR Mult: 0.71 | PnL: -0.00%
[13:15:09] Pulse Conviction: -1.0000 | ATR Mult: 0.66 | PnL: -0.00%
[13:15:12] Pulse Conviction: -1.0000 | ATR Mult: 0.66 | PnL: -0.02%
[13:15:14] Pulse Conviction: -1.0000 | ATR Mult: 0.72 | PnL: -0.01%
[13:15:17] Pulse Conviction: -1.0000 | ATR Mult: 0.73 | PnL: -0.01%
[13:15:20] Pulse Conviction: -1.0000 | ATR Mult: 0.61 | PnL: -0.01%
[13:15:22] Pulse Conviction: -1.0000 | ATR Mult: 0.50 | PnL: -0.00%
[13:15:26] Pulse Conviction: -1.0000 | ATR Mult: 0.70 | PnL: +0.00%
[13:15:28] Pulse Conviction: -1.0000 | ATR Mult: 0.74 | PnL: +0.01%
[13:15:31] Pulse Conviction: -1.0000 | ATR Mult: 0.75 | PnL: +0.01%
[13:15:34] Pulse Conviction: -1.0000 | ATR Mult: 0.82 | PnL: +0.02%
[13:15:36] Pulse Conviction: -1.0000 | ATR Mult: 0.83 | PnL: +0.02%
[13:15:40] Pulse Conviction: -1.0000 | ATR Mult: 0.76 | PnL: +0.02%
[13:15:43] Pulse Conviction: -1.0000 | ATR Mult: 0.75 | PnL: +0.01%
[13:15:45] Pulse Conviction: -1.0000 | ATR Mult: 0.76 | PnL: +0.02%
[13:15:47] Pulse Conviction: -1.0000 | ATR Mult: 0.74 | PnL: +0.01%
[13:15:49] Pulse Conviction: -1.0000 | ATR Mult: 0.58 | PnL: +0.00%
[13:15:52] Pulse Conviction: -1.0000 | ATR Mult: 0.57 | PnL: +0.00%
[13:15:54] Pulse Conviction: -1.0000 | ATR Mult: 0.50 | PnL: +0.01%
[13:15:56] Pulse Conviction: -1.0000 | ATR Mult: 0.50 | PnL: +0.00%
[13:15:58] Pulse Conviction: -1.0000 | ATR Mult: 0.50 | PnL: +0.00%
[13:16:01] Pulse Conviction: -1.0000 | ATR Mult: 0.79 | PnL: +0.01%
[13:16:03] Pulse Conviction: -1.0000 | ATR Mult: 0.79 | PnL: +0.01%
[13:16:06] Pulse Conviction: -1.0000 | ATR Mult: 0.81 | PnL: +0.01%
[13:16:08] Pulse Conviction: -1.0000 | ATR Mult: 0.83 | PnL: +0.02%
[13:16:11] Pulse Conviction: -1.0000 | ATR Mult: 0.84 | PnL: +0.02%
[13:16:13] Pulse Conviction: -1.0000 | ATR Mult: 0.81 | PnL: +0.01%
[13:16:15] Pulse Conviction: -1.0000 | ATR Mult: 0.81 | PnL: +0.01%
[13:16:19] Pulse Conviction: -1.0000 | ATR Mult: 0.72 | PnL: +0.00%
[13:16:25] Pulse Conviction: -1.0000 | ATR Mult: 0.54 | PnL: +0.02%
[13:16:27] Pulse Conviction: -1.0000 | ATR Mult: 0.79 | PnL: +0.02%
[13:16:31] Pulse Conviction: -1.0000 | ATR Mult: 0.77 | PnL: +0.01%
[13:16:34] Pulse Conviction: -1.0000 | ATR Mult: 0.76 | PnL: +0.01%
[13:16:37] Pulse Conviction: -1.0000 | ATR Mult: 0.77 | PnL: +0.01%
[13:16:39] Pulse Conviction: -1.0000 | ATR Mult: 0.77 | PnL: +0.01%
[13:16:42] Pulse Conviction: -1.0000 | ATR Mult: 0.67 | PnL: +0.00%
[13:16:44] Pulse Conviction: -1.0000 | ATR Mult: 0.50 | PnL: -0.00%
[13:16:46] Pulse Conviction: -1.0000 | ATR Mult: 0.50 | PnL: -0.00%
[13:16:49] Pulse Conviction: -1.0000 | ATR Mult: 0.50 | PnL: -0.01%
[13:16:52] Pulse Conviction: -1.0000 | ATR Mult: 0.50 | PnL: -0.01%
[13:16:54] Pulse Conviction: -0.9590 | ATR Mult: 0.50 | PnL: -0.00%
[13:16:57] Pulse Conviction: -1.0000 | ATR Mult: 0.50 | PnL: -0.00%
[13:17:00] Pulse Conviction: -1.0000 | ATR Mult: 0.75 | PnL: -0.00%
[13:17:03] Pulse Conviction: -1.0000 | ATR Mult: 0.75 | PnL: +0.00%
[13:17:05] Pulse Conviction: -1.0000 | ATR Mult: 0.79 | PnL: -0.00%
[13:17:10] Pulse Conviction: -1.0000 | ATR Mult: 0.73 | PnL: +0.00%
[13:17:13] Pulse Conviction: -1.0000 | ATR Mult: 0.80 | PnL: -0.00%
[13:17:16] Pulse Conviction: -1.0000 | ATR Mult: 0.80 | PnL: +0.00%
[13:17:18] Pulse Conviction: -1.0000 | ATR Mult: 0.81 | PnL: -0.00%
[13:17:21] Pulse Conviction: -1.0000 | ATR Mult: 0.64 | PnL: -0.01%
[13:17:23] Pulse Conviction: -1.0000 | ATR Mult: 0.61 | PnL: -0.01%
[13:17:26] Pulse Conviction: -1.0000 | ATR Mult: 0.62 | PnL: -0.01%
[13:17:28] Pulse Conviction: -1.0000 | ATR Mult: 0.63 | PnL: -0.01%
[13:17:30] Pulse Conviction: -1.0000 | ATR Mult: 0.63 | PnL: -0.01%
[13:17:32] Pulse Conviction: -1.0000 | ATR Mult: 0.63 | PnL: -0.01%
[13:17:35] Pulse Conviction: -1.0000 | ATR Mult: 0.63 | PnL: -0.01%
[13:17:37] Pulse Conviction: -1.0000 | ATR Mult: 0.63 | PnL: -0.01%
[13:17:40] Pulse Conviction: -1.0000 | ATR Mult: 0.50 | PnL: -0.01%
[13:17:42] Pulse Conviction: -1.0000 | ATR Mult: 0.50 | PnL: -0.01%
[13:17:45] Pulse Conviction: -1.0000 | ATR Mult: 0.50 | PnL: -0.00%
[13:17:47] Pulse Conviction: -1.0000 | ATR Mult: 0.63 | PnL: +0.00%
[13:17:50] Pulse Conviction: -1.0000 | ATR Mult: 0.60 | PnL: +0.00%
[13:17:53] Pulse Conviction: -1.0000 | ATR Mult: 0.77 | PnL: +0.02%
[13:17:56] Pulse Conviction: -1.0000 | ATR Mult: 0.50 | PnL: +0.01%
[13:17:59] Pulse Conviction: -1.0000 | ATR Mult: 0.50 | PnL: +0.01%
[13:18:01] Pulse Conviction: -1.0000 | ATR Mult: 0.76 | PnL: +0.00%
[13:18:03] Pulse Conviction: -1.0000 | ATR Mult: 0.71 | PnL: -0.01%
[13:18:06] Pulse Conviction: -1.0000 | ATR Mult: 0.71 | PnL: -0.01%
[13:18:10] Pulse Conviction: -1.0000 | ATR Mult: 0.73 | PnL: -0.00%
[13:18:12] Pulse Conviction: -1.0000 | ATR Mult: 0.77 | PnL: -0.00%
[13:18:14] Pulse Conviction: -1.0000 | ATR Mult: 0.77 | PnL: -0.00%
[13:18:17] Pulse Conviction: -1.0000 | ATR Mult: 0.79 | PnL: -0.00%
[13:18:20] Pulse Conviction: -1.0000 | ATR Mult: 0.66 | PnL: -0.00%
[13:18:22] Pulse Conviction: -1.0000 | ATR Mult: 0.66 | PnL: -0.00%
[13:18:26] Pulse Conviction: -1.0000 | ATR Mult: 0.67 | PnL: -0.01%
[13:18:28] Pulse Conviction: -1.0000 | ATR Mult: 0.62 | PnL: -0.01%
[13:18:31] Pulse Conviction: -1.0000 | ATR Mult: 0.62 | PnL: -0.01%
[13:18:37] Pulse Conviction: -1.0000 | ATR Mult: 0.62 | PnL: -0.00%
[13:18:39] Pulse Conviction: -1.0000 | ATR Mult: 0.67 | PnL: +0.00%
[13:18:42] Pulse Conviction: -1.0000 | ATR Mult: 0.50 | PnL: +0.00%
[13:18:44] Pulse Conviction: -1.0000 | ATR Mult: 0.53 | PnL: +0.00%
[13:18:48] Pulse Conviction: -1.0000 | ATR Mult: 0.52 | PnL: +0.00%
[13:18:50] Pulse Conviction: -1.0000 | ATR Mult: 0.53 | PnL: +0.00%
[13:18:53] Pulse Conviction: -1.0000 | ATR Mult: 0.53 | PnL: +0.00%
[13:18:56] Pulse Conviction: -1.0000 | ATR Mult: 0.50 | PnL: +0.00%
[13:18:58] Pulse Conviction: -1.0000 | ATR Mult: 0.50 | PnL: +0.00%
[13:19:01] Pulse Conviction: -1.0000 | ATR Mult: 0.67 | PnL: +0.00%
[13:19:05] Pulse Conviction: -1.0000 | ATR Mult: 0.74 | PnL: +0.00%
[13:19:08] Pulse Conviction: -1.0000 | ATR Mult: 0.72 | PnL: +0.00%
[13:19:10] Pulse Conviction: -1.0000 | ATR Mult: 0.72 | PnL: +0.01%
[13:19:13] Pulse Conviction: -1.0000 | ATR Mult: 0.70 | PnL: +0.00%
[13:19:15] Pulse Conviction: -1.0000 | ATR Mult: 0.72 | PnL: +0.00%
[13:19:18] Pulse Conviction: -1.0000 | ATR Mult: 0.71 | PnL: +0.00%
[13:19:20] Pulse Conviction: -1.0000 | ATR Mult: 0.52 | PnL: +0.01%
[13:19:22] Pulse Conviction: -1.0000 | ATR Mult: 0.72 | PnL: +0.01%
[13:19:24] Pulse Conviction: -1.0000 | ATR Mult: 0.69 | PnL: +0.01%
[13:19:27] Pulse Conviction: -1.0000 | ATR Mult: 0.70 | PnL: +0.00%
Order Executed: XAUUSD SELL at 4417.26
[13:19:30] Pulse Conviction: -1.0000 | ATR Mult: 0.70 | PnL: -0.00%
[13:19:32] Pulse Conviction: -1.0000 | ATR Mult: 0.69 | PnL: -0.01%
[13:19:35] Pulse Conviction: -1.0000 | ATR Mult: 0.56 | PnL: -0.01%
[13:19:37] Pulse Conviction: -1.0000 | ATR Mult: 0.57 | PnL: -0.01%
[13:19:39] Pulse Conviction: -1.0000 | ATR Mult: 0.57 | PnL: -0.01%
[13:19:42] Pulse Conviction: -0.8414 | ATR Mult: 0.50 | PnL: -0.02%
[13:19:44] Pulse Conviction: +0.4208 | ATR Mult: 0.50 | PnL: +0.00%
Order Executed: XAUUSD BUY at 4418.48
[13:19:47] Pulse Conviction: +0.7672 | ATR Mult: 0.50 | PnL: -0.01%
[13:19:49] Pulse Conviction: +1.0000 | ATR Mult: 0.50 | PnL: -0.01%
[13:19:51] Pulse Conviction: +1.0000 | ATR Mult: 0.50 | PnL: -0.01%
[13:19:53] Pulse Conviction: +1.0000 | ATR Mult: 0.50 | PnL: -0.01%
[13:19:56] Pulse Conviction: +1.0000 | ATR Mult: 0.50 | PnL: -0.01%
[13:19:58] Pulse Conviction: +1.0000 | ATR Mult: 0.50 | PnL: -0.01%
[13:20:01] Pulse Conviction: -0.4300 | ATR Mult: 0.50 | PnL: -0.01%
Positions Closed: SniperV5_Reverse
Order Executed: XAUUSD SELL at 4418.0
[13:20:05] Pulse Conviction: -1.0000 | ATR Mult: 0.50 | PnL: -0.00%
[13:20:07] Pulse Conviction: -1.0000 | ATR Mult: 0.59 | PnL: +0.00%
[13:20:11] Pulse Conviction: -1.0000 | ATR Mult: 0.74 | PnL: +0.01%
[13:20:14] Pulse Conviction: -1.0000 | ATR Mult: 0.77 | PnL: +0.02%
[13:20:16] Pulse Conviction: -1.0000 | ATR Mult: 0.80 | PnL: +0.02%
[13:20:19] Pulse Conviction: -1.0000 | ATR Mult: 0.81 | PnL: +0.02%
[13:20:21] Pulse Conviction: -1.0000 | ATR Mult: 0.71 | PnL: +0.02%
[13:20:24] Pulse Conviction: -1.0000 | ATR Mult: 0.69 | PnL: +0.02%
[13:20:26] Pulse Conviction: -1.0000 | ATR Mult: 0.75 | PnL: +0.02%
[13:20:29] Pulse Conviction: -1.0000 | ATR Mult: 0.81 | PnL: +0.00%
Order Executed: XAUUSD SELL at 4416.54
[13:20:32] Pulse Conviction: -1.0000 | ATR Mult: 0.80 | PnL: -0.01%
[13:20:34] Pulse Conviction: -1.0000 | ATR Mult: 0.81 | PnL: -0.00%
[13:20:36] Pulse Conviction: -1.0000 | ATR Mult: 0.81 | PnL: -0.00%
[13:20:39] Pulse Conviction: -1.0000 | ATR Mult: 0.77 | PnL: -0.01%
[13:20:41] Pulse Conviction: -1.0000 | ATR Mult: 0.64 | PnL: -0.01%
[13:20:43] Pulse Conviction: -1.0000 | ATR Mult: 0.62 | PnL: -0.01%
[13:20:47] Pulse Conviction: -1.0000 | ATR Mult: 0.54 | PnL: -0.02%
[13:20:50] Pulse Conviction: -1.0000 | ATR Mult: 0.56 | PnL: -0.02%
[13:20:52] Pulse Conviction: -1.0000 | ATR Mult: 0.58 | PnL: -0.02%
[13:20:54] Pulse Conviction: -1.0000 | ATR Mult: 0.50 | PnL: -0.02%
[13:20:57] Pulse Conviction: -1.0000 | ATR Mult: 0.50 | PnL: -0.02%
[13:20:59] Pulse Conviction: -1.0000 | ATR Mult: 0.50 | PnL: -0.02%
[13:21:02] Pulse Conviction: -1.0000 | ATR Mult: 0.79 | PnL: -0.01%
[13:21:05] Pulse Conviction: -1.0000 | ATR Mult: 0.82 | PnL: -0.00%
[13:21:09] Pulse Conviction: -1.0000 | ATR Mult: 0.83 | PnL: -0.00%
[13:21:11] Pulse Conviction: -1.0000 | ATR Mult: 0.83 | PnL: -0.00%
[13:21:14] Pulse Conviction: -1.0000 | ATR Mult: 0.85 | PnL: +0.05%
[13:21:17] Pulse Conviction: -1.0000 | ATR Mult: 0.85 | PnL: +0.05%
[13:21:20] Pulse Conviction: -1.0000 | ATR Mult: 0.80 | PnL: +0.05%
[13:21:22] Pulse Conviction: -1.0000 | ATR Mult: 0.81 | PnL: +0.04%
[13:21:24] Pulse Conviction: -1.0000 | ATR Mult: 0.83 | PnL: +0.04%
[13:21:27] Pulse Conviction: -1.0000 | ATR Mult: 0.82 | PnL: +0.03%
[13:21:29] Pulse Conviction: -1.0000 | ATR Mult: 0.82 | PnL: +0.04%
[13:21:33] Pulse Conviction: -1.0000 | ATR Mult: 0.81 | PnL: +0.04%
[13:21:35] Pulse Conviction: -1.0000 | ATR Mult: 0.82 | PnL: +0.04%
[13:21:37] Pulse Conviction: -1.0000 | ATR Mult: 0.82 | PnL: +0.04%
[13:21:40] Pulse Conviction: -1.0000 | ATR Mult: 0.76 | PnL: +0.04%
[13:21:42] Pulse Conviction: -1.0000 | ATR Mult: 0.76 | PnL: +0.04%
[13:21:44] Pulse Conviction: -1.0000 | ATR Mult: 0.76 | PnL: +0.05%
[13:21:47] Pulse Conviction: -1.0000 | ATR Mult: 0.77 | PnL: +0.02%
[13:21:49] Pulse Conviction: -1.0000 | ATR Mult: 0.61 | PnL: +0.00%
[13:21:52] Pulse Conviction: -1.0000 | ATR Mult: 0.64 | PnL: +0.01%
[13:21:54] Pulse Conviction: -1.0000 | ATR Mult: 0.50 | PnL: +0.00%
[13:21:56] Pulse Conviction: -1.0000 | ATR Mult: 0.50 | PnL: +0.02%
[13:21:58] Pulse Conviction: -1.0000 | ATR Mult: 0.50 | PnL: +0.02%
[13:22:00] Pulse Conviction: -1.0000 | ATR Mult: 0.80 | PnL: +0.02%
[13:22:03] Pulse Conviction: -1.0000 | ATR Mult: 0.79 | PnL: +0.02%
[13:22:05] Pulse Conviction: -1.0000 | ATR Mult: 0.82 | PnL: +0.03%
[13:22:08] Pulse Conviction: -1.0000 | ATR Mult: 0.82 | PnL: +0.03%
[13:22:11] Pulse Conviction: -1.0000 | ATR Mult: 0.82 | PnL: +0.03%
[13:22:14] Pulse Conviction: -1.0000 | ATR Mult: 0.83 | PnL: +0.03%
[13:22:17] Pulse Conviction: -1.0000 | ATR Mult: 0.83 | PnL: +0.03%
[13:22:21] Pulse Conviction: -1.0000 | ATR Mult: 0.77 | PnL: +0.03%
[13:22:23] Pulse Conviction: -1.0000 | ATR Mult: 0.78 | PnL: +0.03%
[13:22:26] Pulse Conviction: -1.0000 | ATR Mult: 0.78 | PnL: +0.03%
[13:22:28] Pulse Conviction: -1.0000 | ATR Mult: 0.74 | PnL: +0.01%
[13:22:31] Pulse Conviction: -1.0000 | ATR Mult: 0.60 | PnL: +0.01%
[13:22:34] Pulse Conviction: -1.0000 | ATR Mult: 0.60 | PnL: +0.01%
[13:22:36] Pulse Conviction: -1.0000 | ATR Mult: 0.67 | PnL: +0.00%
[13:22:39] Pulse Conviction: -1.0000 | ATR Mult: 0.62 | PnL: +0.00%
Order Executed: XAUUSD SELL at 4415.98
[13:22:42] Pulse Conviction: -1.0000 | ATR Mult: 0.50 | PnL: -0.00%
[13:22:45] Pulse Conviction: -1.0000 | ATR Mult: 0.50 | PnL: -0.00%
[13:22:49] Pulse Conviction: -1.0000 | ATR Mult: 0.50 | PnL: -0.02%
[13:22:52] Pulse Conviction: -1.0000 | ATR Mult: 0.50 | PnL: -0.02%
[13:22:54] Pulse Conviction: -1.0000 | ATR Mult: 0.50 | PnL: -0.01%
[13:22:57] Pulse Conviction: -1.0000 | ATR Mult: 0.50 | PnL: -0.01%
[13:22:59] Pulse Conviction: -1.0000 | ATR Mult: 0.50 | PnL: -0.02%
[13:23:02] Pulse Conviction: -1.0000 | ATR Mult: 0.73 | PnL: -0.02%
[13:23:04] Pulse Conviction: -1.0000 | ATR Mult: 0.74 | PnL: -0.02%
[13:23:06] Pulse Conviction: -1.0000 | ATR Mult: 0.74 | PnL: -0.02%
[13:23:08] Pulse Conviction: -1.0000 | ATR Mult: 0.75 | PnL: -0.02%
[13:23:11] Pulse Conviction: -1.0000 | ATR Mult: 0.74 | PnL: -0.01%
[13:23:13] Pulse Conviction: -1.0000 | ATR Mult: 0.72 | PnL: -0.01%
[13:23:15] Pulse Conviction: -1.0000 | ATR Mult: 0.79 | PnL: -0.00%
[13:23:18] Pulse Conviction: -1.0000 | ATR Mult: 0.79 | PnL: -0.00%
[13:23:22] Pulse Conviction: -1.0000 | ATR Mult: 0.66 | PnL: -0.00%
[13:23:24] Pulse Conviction: -1.0000 | ATR Mult: 0.71 | PnL: -0.00%
[13:23:27] Pulse Conviction: -1.0000 | ATR Mult: 0.72 | PnL: +0.00%
[13:23:30] Pulse Conviction: -1.0000 | ATR Mult: 0.73 | PnL: +0.02%
[13:23:32] Pulse Conviction: -1.0000 | ATR Mult: 0.82 | PnL: +0.02%
[13:23:34] Pulse Conviction: -1.0000 | ATR Mult: 0.82 | PnL: +0.00%
Order Executed: XAUUSD SELL at 4414.76
[13:23:37] Pulse Conviction: -1.0000 | ATR Mult: 0.84 | PnL: +0.00%
[13:23:39] Pulse Conviction: -1.0000 | ATR Mult: 0.84 | PnL: +0.00%
[13:23:42] Pulse Conviction: -1.0000 | ATR Mult: 0.77 | PnL: +0.00%
Order Executed: XAUUSD SELL at 4414.33
[13:23:45] Pulse Conviction: -1.0000 | ATR Mult: 0.77 | PnL: +0.00%
[13:23:48] Pulse Conviction: -1.0000 | ATR Mult: 0.77 | PnL: +0.00%
[13:23:51] Pulse Conviction: -1.0000 | ATR Mult: 0.74 | PnL: -0.01%
[13:23:53] Pulse Conviction: -1.0000 | ATR Mult: 0.50 | PnL: -0.02%
[13:23:55] Pulse Conviction: -1.0000 | ATR Mult: 0.50 | PnL: -0.03%
[13:23:58] Pulse Conviction: -1.0000 | ATR Mult: 0.50 | PnL: -0.03%
[13:24:00] Pulse Conviction: -1.0000 | ATR Mult: 0.78 | PnL: -0.02%
[13:24:02] Pulse Conviction: -1.0000 | ATR Mult: 0.79 | PnL: -0.03%
[13:24:04] Pulse Conviction: -1.0000 | ATR Mult: 0.79 | PnL: -0.02%
[13:24:07] Pulse Conviction: -1.0000 | ATR Mult: 0.80 | PnL: -0.01%
[13:24:09] Pulse Conviction: -1.0000 | ATR Mult: 0.77 | PnL: -0.01%
[13:24:11] Pulse Conviction: -1.0000 | ATR Mult: 0.80 | PnL: -0.01%
[13:24:13] Pulse Conviction: -1.0000 | ATR Mult: 0.80 | PnL: -0.01%
[13:24:16] Pulse Conviction: -1.0000 | ATR Mult: 0.81 | PnL: -0.01%
[13:24:18] Pulse Conviction: -1.0000 | ATR Mult: 0.78 | PnL: -0.01%
[13:24:21] Pulse Conviction: -1.0000 | ATR Mult: 0.70 | PnL: -0.00%
[13:24:24] Pulse Conviction: -1.0000 | ATR Mult: 0.76 | PnL: -0.00%
[13:24:27] Pulse Conviction: -1.0000 | ATR Mult: 0.76 | PnL: -0.00%
[13:24:30] Pulse Conviction: -1.0000 | ATR Mult: 0.76 | PnL: -0.00%
[13:24:33] Pulse Conviction: -1.0000 | ATR Mult: 0.76 | PnL: -0.01%
[13:24:36] Pulse Conviction: -1.0000 | ATR Mult: 0.77 | PnL: -0.01%
[13:24:40] Pulse Conviction: -1.0000 | ATR Mult: 0.66 | PnL: -0.01%
[13:24:42] Pulse Conviction: -1.0000 | ATR Mult: 0.61 | PnL: -0.00%
[13:24:45] Pulse Conviction: -1.0000 | ATR Mult: 0.68 | PnL: -0.00%
[13:24:47] Pulse Conviction: -1.0000 | ATR Mult: 0.68 | PnL: -0.00%
[13:24:49] Pulse Conviction: -1.0000 | ATR Mult: 0.70 | PnL: -0.00%
[13:24:51] Pulse Conviction: -1.0000 | ATR Mult: 0.69 | PnL: -0.00%
[13:24:54] Pulse Conviction: -1.0000 | ATR Mult: 0.58 | PnL: -0.00%
[13:24:56] Pulse Conviction: -1.0000 | ATR Mult: 0.64 | PnL: +0.00%
[13:24:58] Pulse Conviction: -1.0000 | ATR Mult: 0.61 | PnL: -0.00%
[13:25:01] Pulse Conviction: -1.0000 | ATR Mult: 0.79 | PnL: +0.00%
[13:25:03] Pulse Conviction: -1.0000 | ATR Mult: 0.75 | PnL: -0.00%
[13:25:06] Pulse Conviction: -1.0000 | ATR Mult: 0.75 | PnL: -0.00%
[13:25:08] Pulse Conviction: -1.0000 | ATR Mult: 0.75 | PnL: -0.00%
[13:25:11] Pulse Conviction: -1.0000 | ATR Mult: 0.78 | PnL: -0.01%
[13:25:13] Pulse Conviction: -1.0000 | ATR Mult: 0.79 | PnL: -0.01%
[13:25:15] Pulse Conviction: -1.0000 | ATR Mult: 0.79 | PnL: -0.01%
[13:25:19] Pulse Conviction: -1.0000 | ATR Mult: 0.80 | PnL: -0.01%
[13:25:21] Pulse Conviction: -1.0000 | ATR Mult: 0.72 | PnL: -0.02%
[13:25:24] Pulse Conviction: -1.0000 | ATR Mult: 0.74 | PnL: -0.02%
[13:25:26] Pulse Conviction: -1.0000 | ATR Mult: 0.74 | PnL: -0.02%
[13:25:28] Pulse Conviction: -1.0000 | ATR Mult: 0.74 | PnL: -0.02%
[13:25:30] Pulse Conviction: -1.0000 | ATR Mult: 0.74 | PnL: -0.02%
[13:25:33] Pulse Conviction: -1.0000 | ATR Mult: 0.74 | PnL: -0.02%
[13:25:35] Pulse Conviction: -1.0000 | ATR Mult: 0.75 | PnL: -0.02%
[13:25:38] Pulse Conviction: -1.0000 | ATR Mult: 0.75 | PnL: -0.02%
[13:25:40] Pulse Conviction: -1.0000 | ATR Mult: 0.64 | PnL: -0.02%
[13:25:42] Pulse Conviction: -1.0000 | ATR Mult: 0.64 | PnL: -0.02%
[13:25:46] Pulse Conviction: -1.0000 | ATR Mult: 0.64 | PnL: -0.02%
[13:25:48] Pulse Conviction: -1.0000 | ATR Mult: 0.65 | PnL: -0.02%
[13:25:51] Pulse Conviction: -1.0000 | ATR Mult: 0.65 | PnL: -0.01%
[13:25:53] Pulse Conviction: -1.0000 | ATR Mult: 0.55 | PnL: -0.01%
[13:25:55] Pulse Conviction: -1.0000 | ATR Mult: 0.53 | PnL: -0.01%
[13:25:57] Pulse Conviction: -1.0000 | ATR Mult: 0.50 | PnL: -0.02%
[13:26:00] Pulse Conviction: -1.0000 | ATR Mult: 0.73 | PnL: -0.03%
[13:26:02] Pulse Conviction: -1.0000 | ATR Mult: 0.72 | PnL: +0.00%
Order Executed: XAUUSD SELL at 4415.57
[13:26:05] Pulse Conviction: -1.0000 | ATR Mult: 0.73 | PnL: +0.00%
[13:26:07] Pulse Conviction: -1.0000 | ATR Mult: 0.74 | PnL: +0.00%
[13:26:09] Pulse Conviction: -1.0000 | ATR Mult: 0.75 | PnL: +0.00%
[13:26:11] Pulse Conviction: -1.0000 | ATR Mult: 0.76 | PnL: +0.00%
[13:26:14] Pulse Conviction: -1.0000 | ATR Mult: 0.76 | PnL: +0.00%
[13:26:16] Pulse Conviction: -1.0000 | ATR Mult: 0.77 | PnL: +0.00%
[13:26:18] Pulse Conviction: -1.0000 | ATR Mult: 0.77 | PnL: +0.00%
Order Executed: XAUUSD SELL at 4414.93
[13:26:21] Pulse Conviction: -1.0000 | ATR Mult: 0.64 | PnL: -0.00%
[13:26:23] Pulse Conviction: -1.0000 | ATR Mult: 0.65 | PnL: -0.00%
[13:26:26] Pulse Conviction: -1.0000 | ATR Mult: 0.70 | PnL: -0.00%
[13:26:28] Pulse Conviction: -1.0000 | ATR Mult: 0.64 | PnL: -0.00%
[13:26:31] Pulse Conviction: -1.0000 | ATR Mult: 0.71 | PnL: -0.00%
[13:26:33] Pulse Conviction: -1.0000 | ATR Mult: 0.64 | PnL: -0.01%
[13:26:35] Pulse Conviction: -1.0000 | ATR Mult: 0.64 | PnL: -0.00%
[13:26:37] Pulse Conviction: -1.0000 | ATR Mult: 0.64 | PnL: -0.01%
[13:26:40] Pulse Conviction: -1.0000 | ATR Mult: 0.50 | PnL: -0.01%
[13:26:42] Pulse Conviction: -1.0000 | ATR Mult: 0.50 | PnL: -0.01%
[13:26:44] Pulse Conviction: -1.0000 | ATR Mult: 0.50 | PnL: -0.01%
[13:26:46] Pulse Conviction: -1.0000 | ATR Mult: 0.50 | PnL: -0.03%
[13:26:49] Pulse Conviction: -1.0000 | ATR Mult: 0.50 | PnL: -0.03%
[13:26:51] Pulse Conviction: -1.0000 | ATR Mult: 0.50 | PnL: +0.00%
Order Executed: XAUUSD SELL at 4416.07
[13:26:54] Pulse Conviction: -0.2129 | ATR Mult: 0.50 | PnL: -0.00%
[13:26:56] Pulse Conviction: +0.4330 | ATR Mult: 0.50 | PnL: -0.01%
Positions Closed: SniperV5_Reverse
Order Executed: XAUUSD BUY at 4416.31
[13:26:59] Pulse Conviction: +1.0000 | ATR Mult: 0.50 | PnL: -0.00%
[13:27:01] Pulse Conviction: +0.4825 | ATR Mult: 0.50 | PnL: +0.01%
[13:27:03] Pulse Conviction: -0.8244 | ATR Mult: 0.50 | PnL: -0.01%
Positions Closed: SniperV5_Reverse
Order Executed: XAUUSD SELL at 4416.21
[13:27:06] Pulse Conviction: -1.0000 | ATR Mult: 0.52 | PnL: -0.00%
[13:27:09] Pulse Conviction: -1.0000 | ATR Mult: 0.64 | PnL: +0.00%
[13:27:11] Pulse Conviction: -1.0000 | ATR Mult: 0.50 | PnL: -0.00%
[13:27:13] Pulse Conviction: -1.0000 | ATR Mult: 0.55 | PnL: -0.01%
[13:27:16] Pulse Conviction: -1.0000 | ATR Mult: 0.55 | PnL: -0.01%
[13:27:18] Pulse Conviction: -1.0000 | ATR Mult: 0.57 | PnL: -0.01%
[13:27:21] Pulse Conviction: -1.0000 | ATR Mult: 0.50 | PnL: -0.00%
[13:27:23] Pulse Conviction: -1.0000 | ATR Mult: 0.50 | PnL: -0.01%
[13:27:25] Pulse Conviction: -1.0000 | ATR Mult: 0.50 | PnL: -0.00%
[13:27:27] Pulse Conviction: -1.0000 | ATR Mult: 0.50 | PnL: -0.01%
[13:27:29] Pulse Conviction: -1.0000 | ATR Mult: 0.50 | PnL: -0.00%
[13:27:31] Pulse Conviction: -1.0000 | ATR Mult: 0.50 | PnL: -0.00%
[13:27:34] Pulse Conviction: -1.0000 | ATR Mult: 0.50 | PnL: -0.00%
[13:27:36] Pulse Conviction: -1.0000 | ATR Mult: 0.64 | PnL: +0.01%
[13:27:38] Pulse Conviction: -1.0000 | ATR Mult: 0.64 | PnL: +0.01%
[13:27:40] Pulse Conviction: -1.0000 | ATR Mult: 0.50 | PnL: +0.00%
[13:27:42] Pulse Conviction: -1.0000 | ATR Mult: 0.56 | PnL: +0.02%
[13:27:45] Pulse Conviction: -1.0000 | ATR Mult: 0.50 | PnL: +0.02%
[13:27:47] Pulse Conviction: -1.0000 | ATR Mult: 0.54 | PnL: +0.02%
[13:27:50] Pulse Conviction: -1.0000 | ATR Mult: 0.53 | PnL: +0.02%
[13:27:52] Pulse Conviction: -1.0000 | ATR Mult: 0.50 | PnL: +0.02%
[13:27:55] Pulse Conviction: -1.0000 | ATR Mult: 0.50 | PnL: +0.02%
[13:27:57] Pulse Conviction: -1.0000 | ATR Mult: 0.50 | PnL: +0.01%
[13:28:00] Pulse Conviction: -1.0000 | ATR Mult: 0.64 | PnL: +0.01%
[13:28:02] Pulse Conviction: -1.0000 | ATR Mult: 0.63 | PnL: +0.00%
[13:28:04] Pulse Conviction: -1.0000 | ATR Mult: 0.62 | PnL: +0.00%
[13:28:06] Pulse Conviction: -1.0000 | ATR Mult: 0.63 | PnL: +0.00%
[13:28:08] Pulse Conviction: -1.0000 | ATR Mult: 0.63 | PnL: +0.00%
[13:28:10] Pulse Conviction: -1.0000 | ATR Mult: 0.65 | PnL: +0.00%
[13:28:13] Pulse Conviction: -1.0000 | ATR Mult: 0.66 | PnL: +0.00%
[13:28:15] Pulse Conviction: -1.0000 | ATR Mult: 0.66 | PnL: +0.00%
[13:28:17] Pulse Conviction: -1.0000 | ATR Mult: 0.68 | PnL: +0.01%
[13:28:19] Pulse Conviction: -1.0000 | ATR Mult: 0.68 | PnL: +0.01%
[13:28:21] Pulse Conviction: -1.0000 | ATR Mult: 0.50 | PnL: +0.01%
[13:28:24] Pulse Conviction: -1.0000 | ATR Mult: 0.50 | PnL: +0.01%
[13:28:26] Pulse Conviction: -1.0000 | ATR Mult: 0.50 | PnL: +0.01%
[13:28:28] Pulse Conviction: -1.0000 | ATR Mult: 0.50 | PnL: +0.01%
[13:28:31] Pulse Conviction: -1.0000 | ATR Mult: 0.50 | PnL: +0.01%
[13:28:33] Pulse Conviction: -1.0000 | ATR Mult: 0.50 | PnL: +0.00%
[13:28:35] Pulse Conviction: -1.0000 | ATR Mult: 0.50 | PnL: -0.00%
[13:28:37] Pulse Conviction: -1.0000 | ATR Mult: 0.50 | PnL: -0.00%
[13:28:40] Pulse Conviction: +0.0453 | ATR Mult: 0.50 | PnL: -0.00%
Positions Closed: SniperV5_Neutral
[13:28:43] Pulse Conviction: +1.0000 | ATR Mult: 0.50 | PnL: +0.00%
Order Executed: XAUUSD BUY at 4416.28
[13:28:47] Pulse Conviction: +1.0000 | ATR Mult: 0.50 | PnL: -0.01%
[13:28:49] Pulse Conviction: +1.0000 | ATR Mult: 0.50 | PnL: -0.01%
[13:28:51] Pulse Conviction: +1.0000 | ATR Mult: 0.50 | PnL: -0.02%
[13:28:54] Pulse Conviction: +1.0000 | ATR Mult: 0.50 | PnL: -0.02%
[13:28:56] Pulse Conviction: +1.0000 | ATR Mult: 0.50 | PnL: -0.01%
[13:28:58] Pulse Conviction: +1.0000 | ATR Mult: 0.50 | PnL: -0.02%
[13:29:00] Pulse Conviction: -0.9817 | ATR Mult: 0.50 | PnL: -0.02%
Positions Closed: SniperV5_Reverse
Order Executed: XAUUSD SELL at 4415.71
[13:29:03] Pulse Conviction: -1.0000 | ATR Mult: 0.64 | PnL: -0.01%
[13:29:05] Pulse Conviction: -1.0000 | ATR Mult: 0.65 | PnL: -0.01%
[13:29:08] Pulse Conviction: -1.0000 | ATR Mult: 0.65 | PnL: -0.01%
[13:29:10] Pulse Conviction: -1.0000 | ATR Mult: 0.64 | PnL: -0.01%
[13:29:13] Pulse Conviction: -1.0000 | ATR Mult: 0.65 | PnL: -0.01%
[13:29:15] Pulse Conviction: -1.0000 | ATR Mult: 0.67 | PnL: -0.01%
[13:29:17] Pulse Conviction: -1.0000 | ATR Mult: 0.68 | PnL: -0.01%
[13:29:19] Pulse Conviction: -1.0000 | ATR Mult: 0.69 | PnL: -0.01%
[13:29:22] Pulse Conviction: -1.0000 | ATR Mult: 0.50 | PnL: -0.01%
[13:29:24] Pulse Conviction: -1.0000 | ATR Mult: 0.50 | PnL: -0.01%
[13:29:26] Pulse Conviction: -1.0000 | ATR Mult: 0.50 | PnL: -0.01%
[13:29:28] Pulse Conviction: -1.0000 | ATR Mult: 0.50 | PnL: -0.01%
[13:29:31] Pulse Conviction: -1.0000 | ATR Mult: 0.50 | PnL: -0.01%
[13:29:33] Pulse Conviction: -1.0000 | ATR Mult: 0.50 | PnL: -0.01%
[13:29:35] Pulse Conviction: -1.0000 | ATR Mult: 0.50 | PnL: -0.01%
[13:29:37] Pulse Conviction: -1.0000 | ATR Mult: 0.50 | PnL: -0.01%
[13:29:40] Pulse Conviction: -0.3399 | ATR Mult: 0.50 | PnL: -0.01%
[13:29:42] Pulse Conviction: +0.8077 | ATR Mult: 0.50 | PnL: -0.01%
Positions Closed: SniperV5_Reverse
Order Executed: XAUUSD BUY at 4416.25
[13:29:45] Pulse Conviction: +1.0000 | ATR Mult: 0.50 | PnL: -0.00%
[13:29:47] Pulse Conviction: +1.0000 | ATR Mult: 0.50 | PnL: -0.00%
[13:29:50] Pulse Conviction: +1.0000 | ATR Mult: 0.50 | PnL: -0.00%
[13:29:52] Pulse Conviction: +1.0000 | ATR Mult: 0.50 | PnL: -0.01%
[13:29:54] Pulse Conviction: +1.0000 | ATR Mult: 0.50 | PnL: -0.01%
[13:29:56] Pulse Conviction: +1.0000 | ATR Mult: 0.50 | PnL: -0.01%
[13:29:59] Pulse Conviction: +1.0000 | ATR Mult: 0.50 | PnL: -0.00%
[13:30:01] Pulse Conviction: -0.5784 | ATR Mult: 0.50 | PnL: +0.00%
Positions Closed: SniperV5_Reverse
Order Executed: XAUUSD SELL at 4416.41
[13:30:06] Pulse Conviction: -1.0000 | ATR Mult: 0.50 | PnL: -0.01%
[13:30:08] Pulse Conviction: -1.0000 | ATR Mult: 0.58 | PnL: -0.00%
[13:30:10] Pulse Conviction: -1.0000 | ATR Mult: 0.61 | PnL: -0.00%
[13:30:12] Pulse Conviction: -1.0000 | ATR Mult: 0.62 | PnL: +0.00%
[13:30:14] Pulse Conviction: -1.0000 | ATR Mult: 0.65 | PnL: +0.01%
[13:30:17] Pulse Conviction: -1.0000 | ATR Mult: 0.64 | PnL: +0.00%
[13:30:21] Pulse Conviction: -1.0000 | ATR Mult: 0.50 | PnL: +0.01%
[13:30:23] Pulse Conviction: -1.0000 | ATR Mult: 0.50 | PnL: +0.00%
[13:30:25] Pulse Conviction: -1.0000 | ATR Mult: 0.50 | PnL: +0.01%
[13:30:28] Pulse Conviction: -1.0000 | ATR Mult: 0.50 | PnL: +0.01%
[13:30:31] Pulse Conviction: -1.0000 | ATR Mult: 0.50 | PnL: +0.01%
[13:30:33] Pulse Conviction: -1.0000 | ATR Mult: 0.50 | PnL: +0.01%
[13:30:35] Pulse Conviction: -1.0000 | ATR Mult: 0.50 | PnL: +0.00%
[13:30:38] Pulse Conviction: -1.0000 | ATR Mult: 0.50 | PnL: +0.00%
[13:30:40] Pulse Conviction: +0.2528 | ATR Mult: 0.50 | PnL: +0.00%
Positions Closed: SniperV5_Reverse
Order Executed: XAUUSD BUY at 4416.38
[13:30:44] Pulse Conviction: +1.0000 | ATR Mult: 0.50 | PnL: -0.00%
[13:30:46] Pulse Conviction: +0.5582 | ATR Mult: 0.50 | PnL: +0.00%
Order Executed: XAUUSD BUY at 4415.46
[13:30:49] Pulse Conviction: +1.0000 | ATR Mult: 0.50 | PnL: -0.00%
[13:30:51] Pulse Conviction: +1.0000 | ATR Mult: 0.50 | PnL: -0.00%
[13:30:53] Pulse Conviction: +1.0000 | ATR Mult: 0.50 | PnL: +0.01%
[13:30:55] Pulse Conviction: +1.0000 | ATR Mult: 0.50 | PnL: +0.01%
[13:30:58] Pulse Conviction: +1.0000 | ATR Mult: 0.50 | PnL: +0.01%
[13:31:01] Pulse Conviction: -1.0000 | ATR Mult: 0.50 | PnL: +0.00%
Positions Closed: SniperV5_Reverse
Order Executed: XAUUSD SELL at 4415.85
[13:31:05] Pulse Conviction: -1.0000 | ATR Mult: 0.50 | PnL: -0.00%
[13:31:07] Pulse Conviction: -1.0000 | ATR Mult: 0.60 | PnL: -0.00%
[13:31:09] Pulse Conviction: -1.0000 | ATR Mult: 0.67 | PnL: +0.00%
[13:31:11] Pulse Conviction: -1.0000 | ATR Mult: 0.62 | PnL: -0.00%
[13:31:13] Pulse Conviction: -1.0000 | ATR Mult: 0.63 | PnL: -0.00%
[13:31:16] Pulse Conviction: -1.0000 | ATR Mult: 0.50 | PnL: -0.00%
[13:31:18] Pulse Conviction: -1.0000 | ATR Mult: 0.50 | PnL: -0.00%
[13:31:20] Pulse Conviction: -1.0000 | ATR Mult: 0.50 | PnL: -0.00%
[13:31:22] Pulse Conviction: -1.0000 | ATR Mult: 0.50 | PnL: -0.01%
[13:31:25] Pulse Conviction: -1.0000 | ATR Mult: 0.50 | PnL: -0.01%
[13:31:27] Pulse Conviction: -1.0000 | ATR Mult: 0.50 | PnL: -0.01%
[13:31:29] Pulse Conviction: -0.5197 | ATR Mult: 0.50 | PnL: +0.00%
Order Executed: XAUUSD SELL at 4416.65
[13:31:32] Pulse Conviction: -0.4402 | ATR Mult: 0.50 | PnL: +0.00%
[13:31:35] Pulse Conviction: -0.2650 | ATR Mult: 0.50 | PnL: -0.00%
[13:31:37] Pulse Conviction: +0.5339 | ATR Mult: 0.50 | PnL: -0.01%
Positions Closed: SniperV5_Reverse
Order Executed: XAUUSD BUY at 4416.71
[13:31:41] Pulse Conviction: +1.0000 | ATR Mult: 0.50 | PnL: -0.00%
[13:31:43] Pulse Conviction: +1.0000 | ATR Mult: 0.50 | PnL: -0.00%
[13:31:45] Pulse Conviction: +1.0000 | ATR Mult: 0.50 | PnL: +0.00%
[13:31:47] Pulse Conviction: +1.0000 | ATR Mult: 0.50 | PnL: -0.00%
[13:31:50] Pulse Conviction: +1.0000 | ATR Mult: 0.50 | PnL: -0.00%
[13:31:52] Pulse Conviction: +1.0000 | ATR Mult: 0.50 | PnL: +0.00%
[13:31:55] Pulse Conviction: +1.0000 | ATR Mult: 0.50 | PnL: +0.01%
[13:31:57] Pulse Conviction: +1.0000 | ATR Mult: 0.50 | PnL: +0.00%
[13:31:59] Pulse Conviction: +1.0000 | ATR Mult: 0.50 | PnL: +0.00%
[13:32:01] Pulse Conviction: +1.0000 | ATR Mult: 0.50 | PnL: +0.00%
[13:32:03] Pulse Conviction: +0.2179 | ATR Mult: 0.50 | PnL: -0.01%
[13:32:06] Pulse Conviction: -1.0000 | ATR Mult: 0.50 | PnL: -0.01%
Positions Closed: SniperV5_Reverse
Order Executed: XAUUSD SELL at 4416.27
[13:32:14] Pulse Conviction: -1.0000 | ATR Mult: 0.59 | PnL: -0.00%
[13:32:16] Pulse Conviction: -1.0000 | ATR Mult: 0.61 | PnL: -0.00%
[13:32:19] Pulse Conviction: -1.0000 | ATR Mult: 0.61 | PnL: -0.00%
[13:32:22] Pulse Conviction: -1.0000 | ATR Mult: 0.50 | PnL: -0.01%
[13:32:24] Pulse Conviction: -1.0000 | ATR Mult: 0.50 | PnL: -0.01%
[13:32:27] Pulse Conviction: -0.8746 | ATR Mult: 0.50 | PnL: -0.01%
[13:32:30] Pulse Conviction: -1.0000 | ATR Mult: 0.50 | PnL: +0.00%
[13:32:32] Pulse Conviction: -1.0000 | ATR Mult: 0.57 | PnL: +0.01%
[13:32:35] Pulse Conviction: -1.0000 | ATR Mult: 0.63 | PnL: +0.01%
[13:32:37] Pulse Conviction: -1.0000 | ATR Mult: 0.58 | PnL: +0.01%
[13:32:39] Pulse Conviction: -1.0000 | ATR Mult: 0.75 | PnL: +0.03%
[13:32:41] Pulse Conviction: -1.0000 | ATR Mult: 0.55 | PnL: +0.03%
[13:32:44] Pulse Conviction: -1.0000 | ATR Mult: 0.58 | PnL: +0.02%
[13:32:46] Pulse Conviction: -1.0000 | ATR Mult: 0.50 | PnL: +0.02%
[13:32:49] Pulse Conviction: -1.0000 | ATR Mult: 0.55 | PnL: +0.02%
[13:32:51] Pulse Conviction: -1.0000 | ATR Mult: 0.56 | PnL: +0.02%
[13:32:54] Pulse Conviction: -1.0000 | ATR Mult: 0.50 | PnL: +0.03%
[13:32:56] Pulse Conviction: -1.0000 | ATR Mult: 0.50 | PnL: +0.03%
[13:32:59] Pulse Conviction: -1.0000 | ATR Mult: 0.50 | PnL: +0.03%
[13:33:02] Pulse Conviction: -1.0000 | ATR Mult: 0.79 | PnL: +0.03%
[13:33:04] Pulse Conviction: -1.0000 | ATR Mult: 0.79 | PnL: +0.03%
[13:33:06] Pulse Conviction: -1.0000 | ATR Mult: 0.82 | PnL: +0.04%
[13:33:08] Pulse Conviction: -1.0000 | ATR Mult: 0.83 | PnL: +0.04%
[13:33:10] Pulse Conviction: -1.0000 | ATR Mult: 0.83 | PnL: +0.04%
[13:33:13] Pulse Conviction: -1.0000 | ATR Mult: 0.84 | PnL: +0.04%
[13:33:15] Pulse Conviction: -1.0000 | ATR Mult: 0.83 | PnL: +0.04%
[13:33:17] Pulse Conviction: -1.0000 | ATR Mult: 0.84 | PnL: +0.04%
[13:33:19] Pulse Conviction: -1.0000 | ATR Mult: 0.84 | PnL: +0.04%
[13:33:21] Pulse Conviction: -1.0000 | ATR Mult: 0.78 | PnL: +0.04%
[13:33:24] Pulse Conviction: -1.0000 | ATR Mult: 0.80 | PnL: +0.04%
[13:33:26] Pulse Conviction: -1.0000 | ATR Mult: 0.79 | PnL: +0.04%
[13:33:28] Pulse Conviction: -1.0000 | ATR Mult: 0.79 | PnL: +0.04%
[13:33:30] Pulse Conviction: -1.0000 | ATR Mult: 0.79 | PnL: +0.04%
[13:33:32] Pulse Conviction: -1.0000 | ATR Mult: 0.80 | PnL: +0.04%
[13:33:34] Pulse Conviction: -1.0000 | ATR Mult: 0.70 | PnL: +0.03%
[13:33:37] Pulse Conviction: -1.0000 | ATR Mult: 0.71 | PnL: +0.03%
[13:33:39] Pulse Conviction: -1.0000 | ATR Mult: 0.70 | PnL: +0.03%
[13:33:41] Pulse Conviction: -1.0000 | ATR Mult: 0.50 | PnL: +0.03%
[13:33:43] Pulse Conviction: -1.0000 | ATR Mult: 0.50 | PnL: +0.03%
[13:33:46] Pulse Conviction: -1.0000 | ATR Mult: 0.50 | PnL: +0.03%
[13:33:49] Pulse Conviction: -1.0000 | ATR Mult: 0.57 | PnL: +0.03%
[13:33:51] Pulse Conviction: -1.0000 | ATR Mult: 0.50 | PnL: +0.03%
[13:33:53] Pulse Conviction: -0.8299 | ATR Mult: 0.50 | PnL: +0.02%
[13:33:56] Pulse Conviction: -0.1314 | ATR Mult: 0.50 | PnL: +0.02%
[13:33:58] Pulse Conviction: +0.3925 | ATR Mult: 0.50 | PnL: +0.02%
Positions Closed: SniperV5_Reverse
Order Executed: XAUUSD BUY at 4415.24
[13:34:01] Pulse Conviction: -1.0000 | ATR Mult: 0.50 | PnL: -0.00%
Positions Closed: SniperV5_Reverse
Order Executed: XAUUSD SELL at 4415.33
[13:34:03] Pulse Conviction: -1.0000 | ATR Mult: 0.59 | PnL: -0.01%
[13:34:06] Pulse Conviction: -1.0000 | ATR Mult: 0.52 | PnL: +0.00%
Order Executed: XAUUSD SELL at 4416.05
[13:34:08] Pulse Conviction: -1.0000 | ATR Mult: 0.53 | PnL: -0.00%
[13:34:10] Pulse Conviction: -1.0000 | ATR Mult: 0.52 | PnL: -0.00%
[13:34:13] Pulse Conviction: -1.0000 | ATR Mult: 0.55 | PnL: -0.00%
[13:34:15] Pulse Conviction: -1.0000 | ATR Mult: 0.56 | PnL: -0.00%
[13:34:17] Pulse Conviction: -1.0000 | ATR Mult: 0.61 | PnL: +0.00%
[13:34:19] Pulse Conviction: -1.0000 | ATR Mult: 0.67 | PnL: +0.01%
[13:34:21] Pulse Conviction: -1.0000 | ATR Mult: 0.50 | PnL: +0.01%
[13:34:23] Pulse Conviction: -1.0000 | ATR Mult: 0.50 | PnL: +0.01%
[13:34:25] Pulse Conviction: -1.0000 | ATR Mult: 0.50 | PnL: +0.01%
[13:34:28] Pulse Conviction: -1.0000 | ATR Mult: 0.55 | PnL: +0.01%
[13:34:30] Pulse Conviction: -1.0000 | ATR Mult: 0.53 | PnL: +0.01%
[13:34:32] Pulse Conviction: -1.0000 | ATR Mult: 0.50 | PnL: +0.01%
[13:34:34] Pulse Conviction: -1.0000 | ATR Mult: 0.50 | PnL: +0.01%
[13:34:36] Pulse Conviction: -1.0000 | ATR Mult: 0.52 | PnL: +0.01%
[13:34:38] Pulse Conviction: -1.0000 | ATR Mult: 0.58 | PnL: +0.01%
[13:34:40] Pulse Conviction: -0.8608 | ATR Mult: 0.50 | PnL: +0.01%
[13:34:43] Pulse Conviction: -0.2094 | ATR Mult: 0.50 | PnL: +0.01%
[13:34:45] Pulse Conviction: +0.9657 | ATR Mult: 0.50 | PnL: +0.00%
Positions Closed: SniperV5_Reverse
Order Executed: XAUUSD BUY at 4415.67
[13:34:48] Pulse Conviction: +1.0000 | ATR Mult: 0.50 | PnL: -0.00%
[13:34:50] Pulse Conviction: +1.0000 | ATR Mult: 0.50 | PnL: -0.01%
[13:34:52] Pulse Conviction: +1.0000 | ATR Mult: 0.50 | PnL: -0.01%
[13:34:55] Pulse Conviction: +1.0000 | ATR Mult: 0.50 | PnL: -0.00%
[13:34:57] Pulse Conviction: +1.0000 | ATR Mult: 0.50 | PnL: -0.00%
[13:34:59] Pulse Conviction: +1.0000 | ATR Mult: 0.50 | PnL: -0.00%
[13:35:02] Pulse Conviction: -1.0000 | ATR Mult: 0.50 | PnL: -0.02%
Positions Closed: SniperV5_Reverse
Order Executed: XAUUSD SELL at 4415.07
[13:35:05] Pulse Conviction: -1.0000 | ATR Mult: 0.71 | PnL: +0.01%
[13:35:07] Pulse Conviction: -1.0000 | ATR Mult: 0.78 | PnL: +0.01%
[13:35:10] Pulse Conviction: -1.0000 | ATR Mult: 0.73 | PnL: +0.00%
[13:35:12] Pulse Conviction: -1.0000 | ATR Mult: 0.75 | PnL: +0.00%
[13:35:15] Pulse Conviction: -1.0000 | ATR Mult: 0.71 | PnL: -0.00%
[13:35:17] Pulse Conviction: -1.0000 | ATR Mult: 0.82 | PnL: +0.01%
[13:35:19] Pulse Conviction: -1.0000 | ATR Mult: 0.80 | PnL: +0.01%
[13:35:22] Pulse Conviction: -1.0000 | ATR Mult: 0.71 | PnL: +0.01%
[13:35:24] Pulse Conviction: -1.0000 | ATR Mult: 0.70 | PnL: +0.01%
[13:35:27] Pulse Conviction: -1.0000 | ATR Mult: 0.71 | PnL: +0.00%
Order Executed: XAUUSD SELL at 4414.63
[13:35:29] Pulse Conviction: -1.0000 | ATR Mult: 0.70 | PnL: -0.00%
[13:35:32] Pulse Conviction: -1.0000 | ATR Mult: 0.68 | PnL: -0.01%
[13:35:34] Pulse Conviction: -1.0000 | ATR Mult: 0.70 | PnL: -0.00%
[13:35:36] Pulse Conviction: -1.0000 | ATR Mult: 0.71 | PnL: -0.00%
[13:35:39] Pulse Conviction: -1.0000 | ATR Mult: 0.71 | PnL: -0.00%
[13:35:41] Pulse Conviction: -1.0000 | ATR Mult: 0.50 | PnL: -0.00%
[13:35:43] Pulse Conviction: -1.0000 | ATR Mult: 0.50 | PnL: -0.00%
[13:35:46] Pulse Conviction: -1.0000 | ATR Mult: 0.50 | PnL: -0.00%
[13:35:48] Pulse Conviction: -1.0000 | ATR Mult: 0.51 | PnL: -0.00%
